[
  {
    "model": "core.hashtag",
    "pk": 1,
    "fields": {
      "nom": "zerodechet"
    }
  },
  {
    "model": "core.hashtag",
    "pk": 2,
    "fields": {
      "nom": "upcycling"
    }
  },
  {
    "model": "core.hashtag",
    "pk": 3,
    "fields": {
      "nom": "teinturenaturelle"
    }
  },
  {
    "model": "core.hashtag",
    "pk": 4,
    "fields": {
      "nom": "faitmain"
    }
  },
  {
    "model": "core.hashtag",
    "pk": 5,
    "fields": {
      "nom": "modedurable"
    }
  },
  {
    "model": "core.hashtag",
    "pk": 6,
    "fields": {
      "nom": "couture"
    }
  },
  {
    "model": "core.hashtag",
    "pk": 7,
    "fields": {
      "nom": "recyclage"
    }
  },
  {
    "model": "core.hashtag",
    "pk": 8,
    "fields": {
      "nom": "slowfashion"
    }
  },
  {
    "model": "core.hashtag",
    "pk": 9,
    "fields": {
      "nom": "denim"
    }
  },
  {
    "model": "core.hashtag",
    "pk": 10,
    "fields": {
      "nom": "lin"
    }
  },
  {
    "model": "core.hashtag",
    "pk": 11,
    "fields": {
      "nom": "sashiko"
    }
  },
  {
    "model": "core.hashtag",
    "pk": 12,
    "fields": {
      "nom": "ecotextile"
    }
  },
  {
    "model": "core.utilisateur",
    "fields": {
      "password": "pbkdf2_sha256$1200000$xRNMgTn5gEteVDFIDmrkJJ$Uvj0X2Mxk3onzrhf4rOxBsiFj6Sh13i38H8N1ebkvJY=",
      "last_login": "2026-06-01T14:23:02.979Z",
      "is_superuser": false,
      "username": "sophie_couture",
      "first_name": "",
      "last_name": "",
      "email": "sophie@example.com",
      "is_staff": false,
      "is_active": true,
      "date_joined": "2026-06-01T14:19:06.656Z",
      "consentementRGPD": true,
      "soldePieces": 236,
      "niveau_couture": "Confirmé",
      "envies_creation": null,
      "avatar": "image 12.png",
      "bio": "Upcycleuse passionnée depuis 10 ans. Je transforme les textiles oubliés en créations durables.",
      "groups": [],
      "user_permissions": []
    }
  },
  {
    "model": "core.utilisateur",
    "fields": {
      "password": "pbkdf2_sha256$1200000$xRNMgTn5gEteVDFIDmrkJJ$Uvj0X2Mxk3onzrhf4rOxBsiFj6Sh13i38H8N1ebkvJY=",
      "last_login": null,
      "is_superuser": false,
      "username": "marc_denim",
      "first_name": "",
      "last_name": "",
      "email": "marc@example.com",
      "is_staff": false,
      "is_active": true,
      "date_joined": "2026-06-01T14:19:06.669Z",
      "consentementRGPD": true,
      "soldePieces": 87,
      "niveau_couture": "Intermédiaire",
      "envies_creation": null,
      "avatar": "image 13.png",
      "bio": "Fan de denim et de couture zéro déchet. Chaque jean a une deuxième vie.",
      "groups": [],
      "user_permissions": []
    }
  },
  {
    "model": "core.utilisateur",
    "fields": {
      "password": "pbkdf2_sha256$1200000$xRNMgTn5gEteVDFIDmrkJJ$Uvj0X2Mxk3onzrhf4rOxBsiFj6Sh13i38H8N1ebkvJY=",
      "last_login": null,
      "is_superuser": false,
      "username": "camille_vert",
      "first_name": "",
      "last_name": "",
      "email": "camille@example.com",
      "is_staff": false,
      "is_active": true,
      "date_joined": "2026-06-01T14:19:06.678Z",
      "consentementRGPD": true,
      "soldePieces": 102,
      "niveau_couture": "Confirmé",
      "envies_creation": null,
      "avatar": "image 14.png",
      "bio": "Adepte de la teinture naturelle. J'utilise des plantes et épices pour colorer mes créations.",
      "groups": [],
      "user_permissions": []
    }
  },
  {
    "model": "core.utilisateur",
    "fields": {
      "password": "pbkdf2_sha256$1200000$xRNMgTn5gEteVDFIDmrkJJ$Uvj0X2Mxk3onzrhf4rOxBsiFj6Sh13i38H8N1ebkvJY=",
      "last_login": null,
      "is_superuser": false,
      "username": "theo_reparation",
      "first_name": "",
      "last_name": "",
      "email": "theo@example.com",
      "is_staff": false,
      "is_active": true,
      "date_joined": "2026-06-01T14:19:06.725Z",
      "consentementRGPD": true,
      "soldePieces": 282,
      "niveau_couture": "Intermédiaire",
      "envies_creation": null,
      "avatar": "image 15.png",
      "bio": "Réparer plutôt que jeter. Sashiko, kintsugi textile, et broderie visible.",
      "groups": [],
      "user_permissions": []
    }
  },
  {
    "model": "core.utilisateur",
    "fields": {
      "password": "pbkdf2_sha256$1200000$xRNMgTn5gEteVDFIDmrkJJ$Uvj0X2Mxk3onzrhf4rOxBsiFj6Sh13i38H8N1ebkvJY=",
      "last_login": null,
      "is_superuser": false,
      "username": "lea_faitmain",
      "first_name": "",
      "last_name": "",
      "email": "lea@example.com",
      "is_staff": false,
      "is_active": true,
      "date_joined": "2026-06-01T14:19:06.738Z",
      "consentementRGPD": true,
      "soldePieces": 201,
      "niveau_couture": "Débutant",
      "envies_creation": null,
      "avatar": "image 16.png",
      "bio": "Débutante enthousiaste ! J'apprends à coudre et je partage mes projets.",
      "groups": [],
      "user_permissions": []
    }
  },
  {
    "model": "core.utilisateur",
    "fields": {
      "password": "pbkdf2_sha256$1200000$xRNMgTn5gEteVDFIDmrkJJ$Uvj0X2Mxk3onzrhf4rOxBsiFj6Sh13i38H8N1ebkvJY=",
      "last_login": null,
      "is_superuser": false,
      "username": "hugo_zero_dechet",
      "first_name": "",
      "last_name": "",
      "email": "hugo@example.com",
      "is_staff": false,
      "is_active": true,
      "date_joined": "2026-06-01T14:19:06.758Z",
      "consentementRGPD": true,
      "soldePieces": 183,
      "niveau_couture": "Confirmé",
      "envies_creation": null,
      "avatar": "image 17.png",
      "bio": "Mode durable et slow fashion. Chaque achat compte, chaque tissu aussi.",
      "groups": [],
      "user_permissions": []
    }
  },
  {
    "model": "core.utilisateur",
    "fields": {
      "password": "pbkdf2_sha256$1200000$xRNMgTn5gEteVDFIDmrkJJ$Uvj0X2Mxk3onzrhf4rOxBsiFj6Sh13i38H8N1ebkvJY=",
      "last_login": null,
      "is_superuser": false,
      "username": "emma_patron",
      "first_name": "",
      "last_name": "",
      "email": "emma@example.com",
      "is_staff": false,
      "is_active": true,
      "date_joined": "2026-06-01T14:19:06.773Z",
      "consentementRGPD": true,
      "soldePieces": 205,
      "niveau_couture": "Confirmé",
      "envies_creation": null,
      "avatar": "image 18.png",
      "bio": "Créatrice de patrons. Je dessine, je coupe, j'assemble et j'enseigne.",
      "groups": [],
      "user_permissions": []
    }
  },
  {
    "model": "core.utilisateur",
    "fields": {
      "password": "pbkdf2_sha256$1200000$xRNMgTn5gEteVDFIDmrkJJ$Uvj0X2Mxk3onzrhf4rOxBsiFj6Sh13i38H8N1ebkvJY=",
      "last_login": null,
      "is_superuser": false,
      "username": "lucas_lin",
      "first_name": "",
      "last_name": "",
      "email": "lucas@example.com",
      "is_staff": false,
      "is_active": true,
      "date_joined": "2026-06-01T14:19:06.792Z",
      "consentementRGPD": true,
      "soldePieces": 188,
      "niveau_couture": "Intermédiaire",
      "envies_creation": null,
      "avatar": "image 19.png",
      "bio": "Amoureux du lin et des matières naturelles. Confection artisanale.",
      "groups": [],
      "user_permissions": []
    }
  },
  {
    "model": "core.postcommunaute",
    "pk": 1,
    "fields": {
      "utilisateur": 6,
      "titre": "Tote bag en denim recyclé",
      "description": "Récupéré trois vieux jeans pour créer ce sac solide du quotidien. Patron zéro déchet, tout a été utilisé ! La doublure vient d'une vieille chemise.",
      "image": "",
      "type_creation": "upcycling",
      "niveau": "intermediaire",
      "patron_lie": null,
      "date_creation": "2026-05-21T12:19:06.805Z",
      "nb_vues": 345,
      "hashtags": [
        1,
        2,
        9
      ]
    }
  },
  {
    "model": "core.postcommunaute",
    "pk": 2,
    "fields": {
      "utilisateur": 7,
      "titre": "Teinture à l'écorce d'oignon",
      "description": "Expérience du week-end avec des restes de cuisine ! Cette vieille chemise en lin a maintenant un magnifique reflet doré naturel.",
      "image": "",
      "type_creation": "teinture",
      "niveau": "debutant",
      "patron_lie": null,
      "date_creation": "2026-05-30T01:19:06.896Z",
      "nb_vues": 495,
      "hashtags": [
        1,
        3,
        10
      ]
    }
  },
  {
    "model": "core.postcommunaute",
    "pk": 3,
    "fields": {
      "utilisateur": 5,
      "titre": "Robe bohème upcyclée",
      "description": "Transformé un rideau en lin en cette robe légère pour l'été. La broderie florale est faite à la main avec des fils récupérés.",
      "image": "",
      "type_creation": "upcycling",
      "niveau": "confirme",
      "patron_lie": null,
      "date_creation": "2026-05-28T21:19:06.949Z",
      "nb_vues": 463,
      "hashtags": [
        2,
        4,
        10
      ]
    }
  },
  {
    "model": "core.postcommunaute",
    "pk": 4,
    "fields": {
      "utilisateur": 8,
      "titre": "Réparation sashiko visible",
      "description": "Mon jean préféré avait un trou au genou. Plutôt que le jeter, j'ai pratiqué le sashiko — technique japonaise de broderie de réparation. Résultat unique !",
      "image": "",
      "type_creation": "reparation",
      "niveau": "intermediaire",
      "patron_lie": null,
      "date_creation": "2026-05-28T09:19:07.007Z",
      "nb_vues": 493,
      "hashtags": [
        5,
        9,
        11
      ]
    }
  },
  {
    "model": "core.postcommunaute",
    "pk": 5,
    "fields": {
      "utilisateur": 9,
      "titre": "Mon premier coussin fait main",
      "description": "Première réalisation ! Coussin en tissu récupéré d'une veste trop grande. Bourrage avec des chutes de tissu. Fière du résultat !",
      "image": "",
      "type_creation": "fait-main",
      "niveau": "debutant",
      "patron_lie": null,
      "date_creation": "2026-05-03T23:19:07.060Z",
      "nb_vues": 316,
      "hashtags": [
        1,
        4
      ]
    }
  },
  {
    "model": "core.postcommunaute",
    "pk": 6,
    "fields": {
      "utilisateur": 10,
      "titre": "Collection capsule zéro déchet",
      "description": "Voici ma mini collection printemps : top, pantalon et pochette, tout réalisé avec des vêtements déstructurés. Aucun tissu neuf utilisé.",
      "image": "",
      "type_creation": "upcycling",
      "niveau": "confirme",
      "patron_lie": null,
      "date_creation": "2026-05-02T10:19:07.142Z",
      "nb_vues": 386,
      "hashtags": [
        1,
        2,
        8
      ]
    }
  },
  {
    "model": "core.postcommunaute",
    "pk": 7,
    "fields": {
      "utilisateur": 11,
      "titre": "Patron chemise oversize",
      "description": "Je partage mon patron de chemise oversize gratuit. Dimensions pour 6 tailles, patron testé 3 fois. Parfait pour débuter la couture sérieuse.",
      "image": "",
      "type_creation": "patron",
      "niveau": "intermediaire",
      "patron_lie": null,
      "date_creation": "2026-05-03T19:19:07.223Z",
      "nb_vues": 455,
      "hashtags": [
        4,
        6
      ]
    }
  },
  {
    "model": "core.postcommunaute",
    "pk": 8,
    "fields": {
      "utilisateur": 12,
      "titre": "Veste en lin naturel",
      "description": "Cette veste structure mon dressing d'été. Lin lavé 100% non teint, doublure en mousseline de soie upcyclée. Couture entièrement à la main.",
      "image": "",
      "type_creation": "fait-main",
      "niveau": "confirme",
      "patron_lie": null,
      "date_creation": "2026-05-01T20:19:07.270Z",
      "nb_vues": 75,
      "hashtags": [
        4,
        10,
        12
      ]
    }
  },
  {
    "model": "core.postcommunaute",
    "pk": 9,
    "fields": {
      "utilisateur": 7,
      "titre": "Teinture à l'indigo naturel",
      "description": "Après 3 mois de fermentation, ma cuve d'indigo naturel est enfin prête. Ces tee-shirts blancs recyclés ont maintenant une teinte bleu profond magnifique.",
      "image": "",
      "type_creation": "teinture",
      "niveau": "confirme",
      "patron_lie": null,
      "date_creation": "2026-05-18T16:19:07.326Z",
      "nb_vues": 173,
      "hashtags": [
        3,
        12
      ]
    }
  },
  {
    "model": "core.postcommunaute",
    "pk": 10,
    "fields": {
      "utilisateur": 6,
      "titre": "Jean transformé en short bermuda",
      "description": "Solution anti-gaspillage préférée : le jean troué au genou devient un bermuda ! Bords effilochés, coutures renforcées avec du fil contrasté.",
      "image": "",
      "type_creation": "reparation",
      "niveau": "debutant",
      "patron_lie": null,
      "date_creation": "2026-05-19T04:19:07.379Z",
      "nb_vues": 106,
      "hashtags": [
        1,
        7,
        9
      ]
    }
  },
  {
    "model": "core.postcommunaute",
    "pk": 11,
    "fields": {
      "utilisateur": 5,
      "titre": "Sac à dos en tapisserie vintage",
      "description": "Récupéré un vieux siège de chaise en tapisserie provençale chez ma grand-mère. Maintenant c'est un sac à dos unique et coloré !",
      "image": "",
      "type_creation": "upcycling",
      "niveau": "confirme",
      "patron_lie": null,
      "date_creation": "2026-05-17T20:19:07.473Z",
      "nb_vues": 180,
      "hashtags": [
        2,
        4
      ]
    }
  },
  {
    "model": "core.postcommunaute",
    "pk": 12,
    "fields": {
      "utilisateur": 9,
      "titre": "Écharpe en chutes de laine",
      "description": "Accumulé des chutes de laine pendant 2 ans. Enfin j'en ai fait cette écharpe rayée ! Tricot facile, parfait pour débuter.",
      "image": "",
      "type_creation": "fait-main",
      "niveau": "debutant",
      "patron_lie": null,
      "date_creation": "2026-05-09T18:19:07.561Z",
      "nb_vues": 377,
      "hashtags": [
        1,
        4
      ]
    }
  },
  {
    "model": "core.postcommunaute",
    "pk": 13,
    "fields": {
      "utilisateur": 8,
      "titre": "Ceinture denim origami",
      "description": "Technique de pliage appliquée au tissu pour créer cette ceinture rigide. Récupéré la ceinture d'un jean usagé comme base.",
      "image": "",
      "type_creation": "fait-main",
      "niveau": "intermediaire",
      "patron_lie": null,
      "date_creation": "2026-05-23T15:19:07.655Z",
      "nb_vues": 244,
      "hashtags": [
        2,
        4,
        9
      ]
    }
  },
  {
    "model": "core.postcommunaute",
    "pk": 14,
    "fields": {
      "utilisateur": 11,
      "titre": "Patron robe trapèze intemporelle",
      "description": "Je partage ce patron simple et élégant. Robe trapèze à manches 3/4, adaptable à toutes tailles. Testé sur 4 matières différentes.",
      "image": "",
      "type_creation": "patron",
      "niveau": "debutant",
      "patron_lie": null,
      "date_creation": "2026-05-24T04:19:07.771Z",
      "nb_vues": 136,
      "hashtags": [
        4,
        6
      ]
    }
  },
  {
    "model": "core.postcommunaute",
    "pk": 15,
    "fields": {
      "utilisateur": 12,
      "titre": "Chemise de travail en lin brut",
      "description": "Inspiré des chemises de travail japonaises (work shirt). Lin brut non blanchi, coutures anglaises. Durée de vie : 20 ans minimum !",
      "image": "",
      "type_creation": "fait-main",
      "niveau": "confirme",
      "patron_lie": null,
      "date_creation": "2026-05-15T02:19:07.843Z",
      "nb_vues": 374,
      "hashtags": [
        4,
        8,
        10
      ]
    }
  },
  {
    "model": "core.commentairepost",
    "pk": 1,
    "fields": {
      "utilisateur": 10,
      "post": 1,
      "contenu": "Génial ! Est-ce que tu partages le patron ?",
      "date_creation": "2026-06-01T14:19:09.568Z"
    }
  },
  {
    "model": "core.commentairepost",
    "pk": 2,
    "fields": {
      "utilisateur": 11,
      "post": 2,
      "contenu": "Belle idée de réutiliser ce tissu. Durable et stylé !",
      "date_creation": "2026-06-01T14:19:09.620Z"
    }
  },
  {
    "model": "core.commentairepost",
    "pk": 3,
    "fields": {
      "utilisateur": 12,
      "post": 2,
      "contenu": "Vraiment inspirant pour un débutant comme moi !",
      "date_creation": "2026-06-01T14:19:09.659Z"
    }
  },
  {
    "model": "core.commentairepost",
    "pk": 4,
    "fields": {
      "utilisateur": 10,
      "post": 3,
      "contenu": "Belle idée de réutiliser ce tissu. Durable et stylé !",
      "date_creation": "2026-06-01T14:19:09.724Z"
    }
  },
  {
    "model": "core.commentairepost",
    "pk": 5,
    "fields": {
      "utilisateur": 9,
      "post": 4,
      "contenu": "Génial ! Est-ce que tu partages le patron ?",
      "date_creation": "2026-06-01T14:19:09.781Z"
    }
  },
  {
    "model": "core.commentairepost",
    "pk": 6,
    "fields": {
      "utilisateur": 7,
      "post": 4,
      "contenu": "Wow, quel talent ! J'espère arriver à ce niveau un jour.",
      "date_creation": "2026-06-01T14:19:09.799Z"
    }
  },
  {
    "model": "core.commentairepost",
    "pk": 7,
    "fields": {
      "utilisateur": 10,
      "post": 4,
      "contenu": "Très beau travail. Le choix des couleurs est parfait.",
      "date_creation": "2026-06-01T14:19:09.818Z"
    }
  },
  {
    "model": "core.commentairepost",
    "pk": 8,
    "fields": {
      "utilisateur": 8,
      "post": 4,
      "contenu": "Ça donne envie de se lancer ! Merci pour l'inspiration.",
      "date_creation": "2026-06-01T14:19:09.854Z"
    }
  },
  {
    "model": "core.commentairepost",
    "pk": 9,
    "fields": {
      "utilisateur": 8,
      "post": 5,
      "contenu": "Wow, quel talent ! J'espère arriver à ce niveau un jour.",
      "date_creation": "2026-06-01T14:19:09.922Z"
    }
  },
  {
    "model": "core.commentairepost",
    "pk": 10,
    "fields": {
      "utilisateur": 9,
      "post": 5,
      "contenu": "La technique de teinture donne un résultat très naturel.",
      "date_creation": "2026-06-01T14:19:09.967Z"
    }
  },
  {
    "model": "core.commentairepost",
    "pk": 11,
    "fields": {
      "utilisateur": 12,
      "post": 6,
      "contenu": "Super projet zéro déchet ! Chaque geste compte.",
      "date_creation": "2026-06-01T14:19:10.052Z"
    }
  },
  {
    "model": "core.commentairepost",
    "pk": 12,
    "fields": {
      "utilisateur": 6,
      "post": 7,
      "contenu": "Belle idée de réutiliser ce tissu. Durable et stylé !",
      "date_creation": "2026-06-01T14:19:10.086Z"
    }
  },
  {
    "model": "core.commentairepost",
    "pk": 13,
    "fields": {
      "utilisateur": 7,
      "post": 7,
      "contenu": "Inspirant ! La façon dont tu as géré les coutures est impeccable.",
      "date_creation": "2026-06-01T14:19:10.101Z"
    }
  },
  {
    "model": "core.commentairepost",
    "pk": 14,
    "fields": {
      "utilisateur": 12,
      "post": 7,
      "contenu": "J'aime beaucoup la texture du tissu. Quelle matière ?",
      "date_creation": "2026-06-01T14:19:10.124Z"
    }
  },
  {
    "model": "core.commentairepost",
    "pk": 15,
    "fields": {
      "utilisateur": 9,
      "post": 7,
      "contenu": "Wow, quel talent ! J'espère arriver à ce niveau un jour.",
      "date_creation": "2026-06-01T14:19:10.157Z"
    }
  },
  {
    "model": "core.commentairepost",
    "pk": 16,
    "fields": {
      "utilisateur": 12,
      "post": 8,
      "contenu": "Ça donne envie de se lancer ! Merci pour l'inspiration.",
      "date_creation": "2026-06-01T14:19:10.235Z"
    }
  },
  {
    "model": "core.commentairepost",
    "pk": 17,
    "fields": {
      "utilisateur": 7,
      "post": 8,
      "contenu": "J'aime beaucoup la texture du tissu. Quelle matière ?",
      "date_creation": "2026-06-01T14:19:10.265Z"
    }
  },
  {
    "model": "core.commentairepost",
    "pk": 18,
    "fields": {
      "utilisateur": 8,
      "post": 8,
      "contenu": "Belle idée de réutiliser ce tissu. Durable et stylé !",
      "date_creation": "2026-06-01T14:19:10.288Z"
    }
  },
  {
    "model": "core.commentairepost",
    "pk": 19,
    "fields": {
      "utilisateur": 9,
      "post": 9,
      "contenu": "J'adore l'idée, je vais m'en inspirer pour mes prochains projets.",
      "date_creation": "2026-06-01T14:19:10.306Z"
    }
  },
  {
    "model": "core.commentairepost",
    "pk": 20,
    "fields": {
      "utilisateur": 8,
      "post": 9,
      "contenu": "J'aime beaucoup la texture du tissu. Quelle matière ?",
      "date_creation": "2026-06-01T14:19:10.345Z"
    }
  },
  {
    "model": "core.commentairepost",
    "pk": 21,
    "fields": {
      "utilisateur": 12,
      "post": 10,
      "contenu": "Très beau travail. Le choix des couleurs est parfait.",
      "date_creation": "2026-06-01T14:19:10.391Z"
    }
  },
  {
    "model": "core.commentairepost",
    "pk": 22,
    "fields": {
      "utilisateur": 7,
      "post": 11,
      "contenu": "Ces couleurs sont magnifiques ! La teinture naturelle, c'est magique.",
      "date_creation": "2026-06-01T14:19:10.437Z"
    }
  },
  {
    "model": "core.commentairepost",
    "pk": 23,
    "fields": {
      "utilisateur": 11,
      "post": 11,
      "contenu": "Bravo ! Combien de temps t'a pris cette création ?",
      "date_creation": "2026-06-01T14:19:10.528Z"
    }
  },
  {
    "model": "core.commentairepost",
    "pk": 24,
    "fields": {
      "utilisateur": 8,
      "post": 11,
      "contenu": "Très beau travail. Le choix des couleurs est parfait.",
      "date_creation": "2026-06-01T14:19:10.572Z"
    }
  },
  {
    "model": "core.commentairepost",
    "pk": 25,
    "fields": {
      "utilisateur": 7,
      "post": 12,
      "contenu": "J'aime beaucoup la texture du tissu. Quelle matière ?",
      "date_creation": "2026-06-01T14:19:10.587Z"
    }
  },
  {
    "model": "core.commentairepost",
    "pk": 26,
    "fields": {
      "utilisateur": 8,
      "post": 12,
      "contenu": "J'adore l'idée, je vais m'en inspirer pour mes prochains projets.",
      "date_creation": "2026-06-01T14:19:10.599Z"
    }
  },
  {
    "model": "core.commentairepost",
    "pk": 27,
    "fields": {
      "utilisateur": 12,
      "post": 12,
      "contenu": "Inspirant ! La façon dont tu as géré les coutures est impeccable.",
      "date_creation": "2026-06-01T14:19:10.614Z"
    }
  },
  {
    "model": "core.commentairepost",
    "pk": 28,
    "fields": {
      "utilisateur": 8,
      "post": 13,
      "contenu": "Super projet ! Quelle matière as-tu utilisée pour la doublure ?",
      "date_creation": "2026-06-01T14:19:10.653Z"
    }
  },
  {
    "model": "core.commentairepost",
    "pk": 29,
    "fields": {
      "utilisateur": 7,
      "post": 13,
      "contenu": "Ça donne envie de se lancer ! Merci pour l'inspiration.",
      "date_creation": "2026-06-01T14:19:10.685Z"
    }
  },
  {
    "model": "core.commentairepost",
    "pk": 30,
    "fields": {
      "utilisateur": 8,
      "post": 14,
      "contenu": "La technique de teinture donne un résultat très naturel.",
      "date_creation": "2026-06-01T14:19:10.738Z"
    }
  },
  {
    "model": "core.commentairepost",
    "pk": 31,
    "fields": {
      "utilisateur": 7,
      "post": 14,
      "contenu": "Super projet ! Quelle matière as-tu utilisée pour la doublure ?",
      "date_creation": "2026-06-01T14:19:10.769Z"
    }
  },
  {
    "model": "core.commentairepost",
    "pk": 32,
    "fields": {
      "utilisateur": 6,
      "post": 14,
      "contenu": "Magnifique réalisation ! La technique est vraiment bien maîtrisée.",
      "date_creation": "2026-06-01T14:19:10.908Z"
    }
  },
  {
    "model": "core.commentairepost",
    "pk": 33,
    "fields": {
      "utilisateur": 9,
      "post": 15,
      "contenu": "Le résultat est bluffant, on ne dirait pas que c'est recyclé !",
      "date_creation": "2026-06-01T14:19:11.000Z"
    }
  },
  {
    "model": "core.commentairepost",
    "pk": 34,
    "fields": {
      "utilisateur": 8,
      "post": 15,
      "contenu": "J'ai essayé quelque chose de similaire, le résultat est toujours unique.",
      "date_creation": "2026-06-01T14:19:11.239Z"
    }
  },
  {
    "model": "core.commentairepost",
    "pk": 35,
    "fields": {
      "utilisateur": 5,
      "post": 2,
      "contenu": "Super projet !",
      "date_creation": "2026-06-01T14:22:50.684Z"
    }
  },
  {
    "model": "core.likepost",
    "pk": 1,
    "fields": {
      "utilisateur": 12,
      "post": 1,
      "date_like": "2026-06-01T14:19:07.939Z"
    }
  },
  {
    "model": "core.likepost",
    "pk": 2,
    "fields": {
      "utilisateur": 8,
      "post": 1,
      "date_like": "2026-06-01T14:19:07.961Z"
    }
  },
  {
    "model": "core.likepost",
    "pk": 3,
    "fields": {
      "utilisateur": 9,
      "post": 1,
      "date_like": "2026-06-01T14:19:07.984Z"
    }
  },
  {
    "model": "core.likepost",
    "pk": 4,
    "fields": {
      "utilisateur": 10,
      "post": 1,
      "date_like": "2026-06-01T14:19:08.005Z"
    }
  },
  {
    "model": "core.likepost",
    "pk": 5,
    "fields": {
      "utilisateur": 5,
      "post": 1,
      "date_like": "2026-06-01T14:19:08.027Z"
    }
  },
  {
    "model": "core.likepost",
    "pk": 6,
    "fields": {
      "utilisateur": 10,
      "post": 2,
      "date_like": "2026-06-01T14:19:08.054Z"
    }
  },
  {
    "model": "core.likepost",
    "pk": 7,
    "fields": {
      "utilisateur": 8,
      "post": 2,
      "date_like": "2026-06-01T14:19:08.074Z"
    }
  },
  {
    "model": "core.likepost",
    "pk": 8,
    "fields": {
      "utilisateur": 12,
      "post": 2,
      "date_like": "2026-06-01T14:19:08.094Z"
    }
  },
  {
    "model": "core.likepost",
    "pk": 10,
    "fields": {
      "utilisateur": 9,
      "post": 2,
      "date_like": "2026-06-01T14:19:08.140Z"
    }
  },
  {
    "model": "core.likepost",
    "pk": 11,
    "fields": {
      "utilisateur": 11,
      "post": 2,
      "date_like": "2026-06-01T14:19:08.160Z"
    }
  },
  {
    "model": "core.likepost",
    "pk": 12,
    "fields": {
      "utilisateur": 8,
      "post": 3,
      "date_like": "2026-06-01T14:19:08.187Z"
    }
  },
  {
    "model": "core.likepost",
    "pk": 13,
    "fields": {
      "utilisateur": 12,
      "post": 4,
      "date_like": "2026-06-01T14:19:08.207Z"
    }
  },
  {
    "model": "core.likepost",
    "pk": 14,
    "fields": {
      "utilisateur": 10,
      "post": 4,
      "date_like": "2026-06-01T14:19:08.227Z"
    }
  },
  {
    "model": "core.likepost",
    "pk": 15,
    "fields": {
      "utilisateur": 6,
      "post": 4,
      "date_like": "2026-06-01T14:19:08.276Z"
    }
  },
  {
    "model": "core.likepost",
    "pk": 16,
    "fields": {
      "utilisateur": 7,
      "post": 4,
      "date_like": "2026-06-01T14:19:08.313Z"
    }
  },
  {
    "model": "core.likepost",
    "pk": 17,
    "fields": {
      "utilisateur": 9,
      "post": 4,
      "date_like": "2026-06-01T14:19:08.337Z"
    }
  },
  {
    "model": "core.likepost",
    "pk": 18,
    "fields": {
      "utilisateur": 8,
      "post": 5,
      "date_like": "2026-06-01T14:19:08.364Z"
    }
  },
  {
    "model": "core.likepost",
    "pk": 19,
    "fields": {
      "utilisateur": 12,
      "post": 5,
      "date_like": "2026-06-01T14:19:08.385Z"
    }
  },
  {
    "model": "core.likepost",
    "pk": 20,
    "fields": {
      "utilisateur": 5,
      "post": 6,
      "date_like": "2026-06-01T14:19:08.410Z"
    }
  },
  {
    "model": "core.likepost",
    "pk": 21,
    "fields": {
      "utilisateur": 6,
      "post": 6,
      "date_like": "2026-06-01T14:19:08.440Z"
    }
  },
  {
    "model": "core.likepost",
    "pk": 22,
    "fields": {
      "utilisateur": 9,
      "post": 6,
      "date_like": "2026-06-01T14:19:08.488Z"
    }
  },
  {
    "model": "core.likepost",
    "pk": 23,
    "fields": {
      "utilisateur": 12,
      "post": 6,
      "date_like": "2026-06-01T14:19:08.519Z"
    }
  },
  {
    "model": "core.likepost",
    "pk": 24,
    "fields": {
      "utilisateur": 8,
      "post": 6,
      "date_like": "2026-06-01T14:19:08.539Z"
    }
  },
  {
    "model": "core.likepost",
    "pk": 25,
    "fields": {
      "utilisateur": 7,
      "post": 7,
      "date_like": "2026-06-01T14:19:08.575Z"
    }
  },
  {
    "model": "core.likepost",
    "pk": 26,
    "fields": {
      "utilisateur": 10,
      "post": 7,
      "date_like": "2026-06-01T14:19:08.612Z"
    }
  },
  {
    "model": "core.likepost",
    "pk": 27,
    "fields": {
      "utilisateur": 8,
      "post": 8,
      "date_like": "2026-06-01T14:19:08.653Z"
    }
  },
  {
    "model": "core.likepost",
    "pk": 28,
    "fields": {
      "utilisateur": 6,
      "post": 8,
      "date_like": "2026-06-01T14:19:08.690Z"
    }
  },
  {
    "model": "core.likepost",
    "pk": 29,
    "fields": {
      "utilisateur": 12,
      "post": 9,
      "date_like": "2026-06-01T14:19:08.737Z"
    }
  },
  {
    "model": "core.likepost",
    "pk": 30,
    "fields": {
      "utilisateur": 5,
      "post": 9,
      "date_like": "2026-06-01T14:19:08.767Z"
    }
  },
  {
    "model": "core.likepost",
    "pk": 31,
    "fields": {
      "utilisateur": 8,
      "post": 11,
      "date_like": "2026-06-01T14:19:08.788Z"
    }
  },
  {
    "model": "core.likepost",
    "pk": 32,
    "fields": {
      "utilisateur": 10,
      "post": 12,
      "date_like": "2026-06-01T14:19:08.908Z"
    }
  },
  {
    "model": "core.likepost",
    "pk": 33,
    "fields": {
      "utilisateur": 11,
      "post": 12,
      "date_like": "2026-06-01T14:19:08.932Z"
    }
  },
  {
    "model": "core.likepost",
    "pk": 34,
    "fields": {
      "utilisateur": 5,
      "post": 12,
      "date_like": "2026-06-01T14:19:08.977Z"
    }
  },
  {
    "model": "core.likepost",
    "pk": 35,
    "fields": {
      "utilisateur": 8,
      "post": 12,
      "date_like": "2026-06-01T14:19:09.050Z"
    }
  },
  {
    "model": "core.likepost",
    "pk": 36,
    "fields": {
      "utilisateur": 6,
      "post": 13,
      "date_like": "2026-06-01T14:19:09.214Z"
    }
  },
  {
    "model": "core.likepost",
    "pk": 37,
    "fields": {
      "utilisateur": 9,
      "post": 13,
      "date_like": "2026-06-01T14:19:09.352Z"
    }
  },
  {
    "model": "core.likepost",
    "pk": 38,
    "fields": {
      "utilisateur": 7,
      "post": 13,
      "date_like": "2026-06-01T14:19:09.376Z"
    }
  },
  {
    "model": "core.likepost",
    "pk": 39,
    "fields": {
      "utilisateur": 6,
      "post": 14,
      "date_like": "2026-06-01T14:19:09.482Z"
    }
  },
  {
    "model": "core.likepost",
    "pk": 40,
    "fields": {
      "utilisateur": 10,
      "post": 15,
      "date_like": "2026-06-01T14:19:09.505Z"
    }
  },
  {
    "model": "core.likepost",
    "pk": 41,
    "fields": {
      "utilisateur": 1,
      "post": 14,
      "date_like": "2026-06-03T09:43:58.955Z"
    }
  },
  {
    "model": "core.likepost",
    "pk": 42,
    "fields": {
      "utilisateur": 1,
      "post": 4,
      "date_like": "2026-06-03T12:14:39.142Z"
    }
  },
  {
    "model": "core.sauvegardepost",
    "pk": 1,
    "fields": {
      "utilisateur": 5,
      "post": 2,
      "date_sauvegarde": "2026-06-01T14:22:50.668Z"
    }
  },
  {
    "model": "core.suivi",
    "pk": 2,
    "fields": {
      "suiveur": 5,
      "suivi": 10,
      "date_suivi": "2026-06-01T14:19:11.544Z"
    }
  },
  {
    "model": "core.suivi",
    "pk": 3,
    "fields": {
      "suiveur": 5,
      "suivi": 8,
      "date_suivi": "2026-06-01T14:19:11.619Z"
    }
  },
  {
    "model": "core.suivi",
    "pk": 4,
    "fields": {
      "suiveur": 5,
      "suivi": 12,
      "date_suivi": "2026-06-01T14:19:11.676Z"
    }
  },
  {
    "model": "core.suivi",
    "pk": 5,
    "fields": {
      "suiveur": 5,
      "suivi": 11,
      "date_suivi": "2026-06-01T14:19:11.688Z"
    }
  },
  {
    "model": "core.suivi",
    "pk": 6,
    "fields": {
      "suiveur": 6,
      "suivi": 9,
      "date_suivi": "2026-06-01T14:19:11.721Z"
    }
  },
  {
    "model": "core.suivi",
    "pk": 7,
    "fields": {
      "suiveur": 6,
      "suivi": 7,
      "date_suivi": "2026-06-01T14:19:11.789Z"
    }
  },
  {
    "model": "core.suivi",
    "pk": 8,
    "fields": {
      "suiveur": 6,
      "suivi": 5,
      "date_suivi": "2026-06-01T14:19:11.912Z"
    }
  },
  {
    "model": "core.suivi",
    "pk": 9,
    "fields": {
      "suiveur": 6,
      "suivi": 10,
      "date_suivi": "2026-06-01T14:19:11.956Z"
    }
  },
  {
    "model": "core.suivi",
    "pk": 10,
    "fields": {
      "suiveur": 7,
      "suivi": 5,
      "date_suivi": "2026-06-01T14:19:12.003Z"
    }
  },
  {
    "model": "core.suivi",
    "pk": 11,
    "fields": {
      "suiveur": 7,
      "suivi": 12,
      "date_suivi": "2026-06-01T14:19:12.054Z"
    }
  },
  {
    "model": "core.suivi",
    "pk": 12,
    "fields": {
      "suiveur": 7,
      "suivi": 10,
      "date_suivi": "2026-06-01T14:19:12.119Z"
    }
  },
  {
    "model": "core.suivi",
    "pk": 13,
    "fields": {
      "suiveur": 8,
      "suivi": 6,
      "date_suivi": "2026-06-01T14:19:12.273Z"
    }
  },
  {
    "model": "core.suivi",
    "pk": 14,
    "fields": {
      "suiveur": 8,
      "suivi": 12,
      "date_suivi": "2026-06-01T14:19:12.301Z"
    }
  },
  {
    "model": "core.suivi",
    "pk": 15,
    "fields": {
      "suiveur": 8,
      "suivi": 11,
      "date_suivi": "2026-06-01T14:19:12.360Z"
    }
  },
  {
    "model": "core.suivi",
    "pk": 16,
    "fields": {
      "suiveur": 9,
      "suivi": 8,
      "date_suivi": "2026-06-01T14:19:12.406Z"
    }
  },
  {
    "model": "core.suivi",
    "pk": 17,
    "fields": {
      "suiveur": 9,
      "suivi": 5,
      "date_suivi": "2026-06-01T14:19:12.440Z"
    }
  },
  {
    "model": "core.suivi",
    "pk": 18,
    "fields": {
      "suiveur": 9,
      "suivi": 12,
      "date_suivi": "2026-06-01T14:19:12.502Z"
    }
  },
  {
    "model": "core.suivi",
    "pk": 19,
    "fields": {
      "suiveur": 10,
      "suivi": 9,
      "date_suivi": "2026-06-01T14:19:12.532Z"
    }
  },
  {
    "model": "core.suivi",
    "pk": 20,
    "fields": {
      "suiveur": 10,
      "suivi": 12,
      "date_suivi": "2026-06-01T14:19:12.556Z"
    }
  },
  {
    "model": "core.suivi",
    "pk": 21,
    "fields": {
      "suiveur": 10,
      "suivi": 6,
      "date_suivi": "2026-06-01T14:19:12.633Z"
    }
  },
  {
    "model": "core.suivi",
    "pk": 22,
    "fields": {
      "suiveur": 10,
      "suivi": 8,
      "date_suivi": "2026-06-01T14:19:12.684Z"
    }
  },
  {
    "model": "core.suivi",
    "pk": 23,
    "fields": {
      "suiveur": 11,
      "suivi": 10,
      "date_suivi": "2026-06-01T14:19:12.715Z"
    }
  },
  {
    "model": "core.suivi",
    "pk": 24,
    "fields": {
      "suiveur": 11,
      "suivi": 7,
      "date_suivi": "2026-06-01T14:19:12.752Z"
    }
  },
  {
    "model": "core.suivi",
    "pk": 25,
    "fields": {
      "suiveur": 11,
      "suivi": 8,
      "date_suivi": "2026-06-01T14:19:12.776Z"
    }
  },
  {
    "model": "core.suivi",
    "pk": 26,
    "fields": {
      "suiveur": 11,
      "suivi": 12,
      "date_suivi": "2026-06-01T14:19:12.793Z"
    }
  },
  {
    "model": "core.suivi",
    "pk": 27,
    "fields": {
      "suiveur": 12,
      "suivi": 10,
      "date_suivi": "2026-06-01T14:19:12.807Z"
    }
  },
  {
    "model": "core.suivi",
    "pk": 28,
    "fields": {
      "suiveur": 12,
      "suivi": 6,
      "date_suivi": "2026-06-01T14:19:12.838Z"
    }
  },
  {
    "model": "core.suivi",
    "pk": 29,
    "fields": {
      "suiveur": 12,
      "suivi": 9,
      "date_suivi": "2026-06-01T14:19:12.918Z"
    }
  },
  {
    "model": "core.suivi",
    "pk": 30,
    "fields": {
      "suiveur": 12,
      "suivi": 5,
      "date_suivi": "2026-06-01T14:19:12.950Z"
    }
  },
  {
    "model": "core.suivi",
    "pk": 31,
    "fields": {
      "suiveur": 12,
      "suivi": 11,
      "date_suivi": "2026-06-01T14:19:13.010Z"
    }
  }
]