[
  {
    "model": "core.hashtag",
    "pk": 1,
    "fields": {
      "nom": "zerodechet"
    }
  },
  {
    "model": "core.hashtag",
    "pk": 2,
    "fields": {
      "nom": "upcycling"
    }
  },
  {
    "model": "core.hashtag",
    "pk": 3,
    "fields": {
      "nom": "teinturenaturelle"
    }
  },
  {
    "model": "core.hashtag",
    "pk": 4,
    "fields": {
      "nom": "faitmain"
    }
  },
  {
    "model": "core.hashtag",
    "pk": 5,
    "fields": {
      "nom": "modedurable"
    }
  },
  {
    "model": "core.hashtag",
    "pk": 6,
    "fields": {
      "nom": "couture"
    }
  },
  {
    "model": "core.hashtag",
    "pk": 7,
    "fields": {
      "nom": "recyclage"
    }
  },
  {
    "model": "core.hashtag",
    "pk": 8,
    "fields": {
      "nom": "slowfashion"
    }
  },
  {
    "model": "core.hashtag",
    "pk": 9,
    "fields": {
      "nom": "denim"
    }
  },
  {
    "model": "core.hashtag",
    "pk": 10,
    "fields": {
      "nom": "lin"
    }
  },
  {
    "model": "core.hashtag",
    "pk": 11,
    "fields": {
      "nom": "sashiko"
    }
  },
  {
    "model": "core.hashtag",
    "pk": 12,
    "fields": {
      "nom": "ecotextile"
    }
  },
  {
    "model": "core.utilisateur",
    "fields": {
      "password": "pbkdf2_sha256$1200000$xRNMgTn5gEteVDFIDmrkJJ$Uvj0X2Mxk3onzrhf4rOxBsiFj6Sh13i38H8N1ebkvJY=",
      "last_login": "2026-06-01T14:23:02.979Z",
      "is_superuser": false,
      "username": "sophie_couture",
      "first_name": "",
      "last_name": "",
      "email": "sophie@example.com",
      "is_staff": false,
      "is_active": true,
      "date_joined": "2026-06-01T14:19:06.656Z",
      "consentementRGPD": true,
      "soldePieces": 236,
      "niveau_couture": "Confirmé",
      "envies_creation": null,
      "avatar": "image 12.png",
      "bio": "Upcycleuse passionnée depuis 10 ans. Je transforme les textiles oubliés en créations durables.",
      "groups": [],
      "user_permissions": []
    }
  },
  {
    "model": "core.utilisateur",
    "fields": {
      "password": "pbkdf2_sha256$1200000$xRNMgTn5gEteVDFIDmrkJJ$Uvj0X2Mxk3onzrhf4rOxBsiFj6Sh13i38H8N1ebkvJY=",
      "last_login": null,
      "is_superuser": false,
      "username": "marc_denim",
      "first_name": "",
      "last_name": "",
      "email": "marc@example.com",
      "is_staff": false,
      "is_active": true,
      "date_joined": "2026-06-01T14:19:06.669Z",
      "consentementRGPD": true,
      "soldePieces": 87,
      "niveau_couture": "Intermédiaire",
      "envies_creation": null,
      "avatar": "image 13.png",
      "bio": "Fan de denim et de couture zéro déchet. Chaque jean a une deuxième vie.",
      "groups": [],
      "user_permissions": []
    }
  },
  {
    "model": "core.utilisateur",
    "fields": {
      "password": "pbkdf2_sha256$1200000$xRNMgTn5gEteVDFIDmrkJJ$Uvj0X2Mxk3onzrhf4rOxBsiFj6Sh13i38H8N1ebkvJY=",
      "last_login": null,
      "is_superuser": false,
      "username": "camille_vert",
      "first_name": "",
      "last_name": "",
      "email": "camille@example.com",
      "is_staff": false,
      "is_active": true,
      "date_joined": "2026-06-01T14:19:06.678Z",
      "consentementRGPD": true,
      "soldePieces": 102,
      "niveau_couture": "Confirmé",
      "envies_creation": null,
      "avatar": "image 14.png",
      "bio": "Adepte de la teinture naturelle. J'utilise des plantes et épices pour colorer mes créations.",
      "groups": [],
      "user_permissions": []
    }
  },
  {
    "model": "core.utilisateur",
    "fields": {
      "password": "pbkdf2_sha256$1200000$xRNMgTn5gEteVDFIDmrkJJ$Uvj0X2Mxk3onzrhf4rOxBsiFj6Sh13i38H8N1ebkvJY=",
      "last_login": null,
      "is_superuser": false,
      "username": "theo_reparation",
      "first_name": "",
      "last_name": "",
      "email": "theo@example.com",
      "is_staff": false,
      "is_active": true,
      "date_joined": "2026-06-01T14:19:06.725Z",
      "consentementRGPD": true,
      "soldePieces": 282,
      "niveau_couture": "Intermédiaire",
      "envies_creation": null,
      "avatar": "image 15.png",
      "bio": "Réparer plutôt que jeter. Sashiko, kintsugi textile, et broderie visible.",
      "groups": [],
      "user_permissions": []
    }
  },
  {
    "model": "core.utilisateur",
    "fields": {
      "password": "pbkdf2_sha256$1200000$xRNMgTn5gEteVDFIDmrkJJ$Uvj0X2Mxk3onzrhf4rOxBsiFj6Sh13i38H8N1ebkvJY=",
      "last_login": null,
      "is_superuser": false,
      "username": "lea_faitmain",
      "first_name": "",
      "last_name": "",
      "email": "lea@example.com",
      "is_staff": false,
      "is_active": true,
      "date_joined": "2026-06-01T14:19:06.738Z",
      "consentementRGPD": true,
      "soldePieces": 201,
      "niveau_couture": "Débutant",
      "envies_creation": null,
      "avatar": "image 16.png",
      "bio": "Débutante enthousiaste ! J'apprends à coudre et je partage mes projets.",
      "groups": [],
      "user_permissions": []
    }
  },
  {
    "model": "core.utilisateur",
    "fields": {
      "password": "pbkdf2_sha256$1200000$xRNMgTn5gEteVDFIDmrkJJ$Uvj0X2Mxk3onzrhf4rOxBsiFj6Sh13i38H8N1ebkvJY=",
      "last_login": null,
      "is_superuser": false,
      "username": "hugo_zero_dechet",
      "first_name": "",
      "last_name": "",
      "email": "hugo@example.com",
      "is_staff": false,
      "is_active": true,
      "date_joined": "2026-06-01T14:19:06.758Z",
      "consentementRGPD": true,
      "soldePieces": 183,
      "niveau_couture": "Confirmé",
      "envies_creation": null,
      "avatar": "image 17.png",
      "bio": "Mode durable et slow fashion. Chaque achat compte, chaque tissu aussi.",
      "groups": [],
      "user_permissions": []
    }
  },
  {
    "model": "core.utilisateur",
    "fields": {
      "password": "pbkdf2_sha256$1200000$xRNMgTn5gEteVDFIDmrkJJ$Uvj0X2Mxk3onzrhf4rOxBsiFj6Sh13i38H8N1ebkvJY=",
      "last_login": null,
      "is_superuser": false,
      "username": "emma_patron",
      "first_name": "",
      "last_name": "",
      "email": "emma@example.com",
      "is_staff": false,
      "is_active": true,
      "date_joined": "2026-06-01T14:19:06.773Z",
      "consentementRGPD": true,
      "soldePieces": 205,
      "niveau_couture": "Confirmé",
      "envies_creation": null,
      "avatar": "image 18.png",
      "bio": "Créatrice de patrons. Je dessine, je coupe, j'assemble et j'enseigne.",
      "groups": [],
      "user_permissions": []
    }
  },
  {
    "model": "core.utilisateur",
    "fields": {
      "password": "pbkdf2_sha256$1200000$xRNMgTn5gEteVDFIDmrkJJ$Uvj0X2Mxk3onzrhf4rOxBsiFj6Sh13i38H8N1ebkvJY=",
      "last_login": null,
      "is_superuser": false,
      "username": "lucas_lin",
      "first_name": "",
      "last_name": "",
      "email": "lucas@example.com",
      "is_staff": false,
      "is_active": true,
      "date_joined": "2026-06-01T14:19:06.792Z",
      "consentementRGPD": true,
      "soldePieces": 188,
      "niveau_couture": "Intermédiaire",
      "envies_creation": null,
      "avatar": "image 19.png",
      "bio": "Amoureux du lin et des matières naturelles. Confection artisanale.",
      "groups": [],
      "user_permissions": []
    }
  },
  {
    "model": "core.postcommunaute",
    "pk": 1,
    "fields": {
      "utilisateur": 6,
      "titre": "Tote bag en denim recyclé",
      "description": "Récupéré trois vieux jeans pour créer ce sac solide du quotidien. Patron zéro déchet, tout a été utilisé ! La doublure vient d'une vieille chemise.",
      "image": "",
      "type_creation": "upcycling",
      "niveau": "intermediaire",
      "patron_lie": null,
      "date_creation": "2026-05-21T12:19:06.805Z",
      "nb_vues": 345,
      "hashtags": [
        1,
        2,
        9
      ]
    }
  },
  {
    "model": "core.postcommunaute",
    "pk": 2,
    "fields": {
      "utilisateur": 7,
      "titre": "Teinture à l'écorce d'oignon",
      "description": "Expérience du week-end avec des restes de cuisine ! Cette vieille chemise en lin a maintenant un magnifique reflet doré naturel.",
      "image": "",
      "type_creation": "teinture",
      "niveau": "debutant",
      "patron_lie": null,
      "date_creation": "2026-05-30T01:19:06.896Z",
      "nb_vues": 495,
      "hashtags": [
        1,
        3,
        10
      ]
    }
  },
  {
    "model": "core.postcommunaute",
    "pk": 3,
    "fields": {
      "utilisateur": 5,
      "titre": "Robe bohème upcyclée",
      "description": "Transformé un rideau en lin en cette robe légère pour l'été. La broderie florale est faite à la main avec des fils récupérés.",
      "image": "",
      "type_creation": "upcycling",
      "niveau": "confirme",
      "patron_lie": null,
      "date_creation": "2026-05-28T21:19:06.949Z",
      "nb_vues": 463,
      "hashtags": [
        2,
        4,
        10
      ]
    }
  },
  {
    "model": "core.postcommunaute",
    "pk": 4,
    "fields": {
      "utilisateur": 8,
      "titre": "Réparation sashiko visible",
      "description": "Mon jean préféré avait un trou au genou. Plutôt que le jeter, j'ai pratiqué le sashiko — technique japonaise de broderie de réparation. Résultat unique !",
      "image": "",
      "type_creation": "reparation",
      "niveau": "intermediaire",
      "patron_lie": null,
      "date_creation": "2026-05-28T09:19:07.007Z",
      "nb_vues": 493,
      "hashtags": [
        5,
        9,
        11
      ]
    }
  },
  {
    "model": "core.postcommunaute",
    "pk": 5,
    "fields": {
      "utilisateur": 9,
      "titre": "Mon premier coussin fait main",
      "description": "Première réalisation ! Coussin en tissu récupéré d'une veste trop grande. Bourrage avec des chutes de tissu. Fière du résultat !",
      "image": "",
      "type_creation": "fait-main",
      "niveau": "debutant",
      "patron_lie": null,
      "date_creation": "2026-05-03T23:19:07.060Z",
      "nb_vues": 316,
      "hashtags": [
        1,
        4
      ]
    }
  },
  {
    "model": "core.postcommunaute",
    "pk": 6,
    "fields": {
      "utilisateur": 10,
      "titre": "Collection capsule zéro déchet",
      "description": "Voici ma mini collection printemps : top, pantalon et pochette, tout réalisé avec des vêtements déstructurés. Aucun tissu neuf utilisé.",
      "image": "",
      "type_creation": "upcycling",
      "niveau": "confirme",
      "patron_lie": null,
      "date_creation": "2026-05-02T10:19:07.142Z",
      "nb_vues": 386,
      "hashtags": [
        1,
        2,
        8
      ]
    }
  },
  {
    "model": "core.postcommunaute",
    "pk": 7,
    "fields": {
      "utilisateur": 11,
      "titre": "Patron chemise oversize",
      "description": "Je partage mon patron de chemise oversize gratuit. Dimensions pour 6 tailles, patron testé 3 fois. Parfait pour débuter la couture sérieuse.",
      "image": "",
      "type_creation": "patron",
      "niveau": "intermediaire",
      "patron_lie": null,
      "date_creation": "2026-05-03T19:19:07.223Z",
      "nb_vues": 455,
      "hashtags": [
        4,
        6
      ]
    }
  },
  {
    "model": "core.postcommunaute",
    "pk": 8,
    "fields": {
      "utilisateur": 12,
      "titre": "Veste en lin naturel",
      "description": "Cette veste structure mon dressing d'été. Lin lavé 100% non teint, doublure en mousseline de soie upcyclée. Couture entièrement à la main.",
      "image": "",
      "type_creation": "fait-main",
      "niveau": "confirme",
      "patron_lie": null,
      "date_creation": "2026-05-01T20:19:07.270Z",
      "nb_vues": 75,
      "hashtags": [
        4,
        10,
        12
      ]
    }
  },
  {
    "model": "core.postcommunaute",
    "pk": 9,
    "fields": {
      "utilisateur": 7,
      "titre": "Teinture à l'indigo naturel",
      "description": "Après 3 mois de fermentation, ma cuve d'indigo naturel est enfin prête. Ces tee-shirts blancs recyclés ont maintenant une teinte bleu profond magnifique.",
      "image": "",
      "type_creation": "teinture",
      "niveau": "confirme",
      "patron_lie": null,
      "date_creation": "2026-05-18T16:19:07.326Z",
      "nb_vues": 173,
      "hashtags": [
        3,
        12
      ]
    }
  },
  {
    "model": "core.postcommunaute",
    "pk": 10,
    "fields": {
      "utilisateur": 6,
      "titre": "Jean transformé en short bermuda",
      "description": "Solution anti-gaspillage préférée : le jean troué au genou devient un bermuda ! Bords effilochés, coutures renforcées avec du fil contrasté.",
      "image": "",
      "type_creation": "reparation",
      "niveau": "debutant",
      "patron_lie": null,
      "date_creation": "2026-05-19T04:19:07.379Z",
      "nb_vues": 106,
      "hashtags": [
        1,
        7,
        9
      ]
    }
  },
  {
    "model": "core.postcommunaute",
    "pk": 11,
    "fields": {
      "utilisateur": 5,
      "titre": "Sac à dos en tapisserie vintage",
      "description": "Récupéré un vieux siège de chaise en tapisserie provençale chez ma grand-mère. Maintenant c'est un sac à dos unique et coloré !",
      "image": "",
      "type_creation": "upcycling",
      "niveau": "confirme",
      "patron_lie": null,
      "date_creation": "2026-05-17T20:19:07.473Z",
      "nb_vues": 180,
      "hashtags": [
        2,
        4
      ]
    }
  },
  {
    "model": "core.postcommunaute",
    "pk": 12,
    "fields": {
      "utilisateur": 9,
      "titre": "Écharpe en chutes de laine",
      "description": "Accumulé des chutes de laine pendant 2 ans. Enfin j'en ai fait cette écharpe rayée ! Tricot facile, parfait pour débuter.",
      "image": "",
      "type_creation": "fait-main",
      "niveau": "debutant",
      "patron_lie": null,
      "date_creation": "2026-05-09T18:19:07.561Z",
      "nb_vues": 377,
      "hashtags": [
        1,
        4
      ]
    }
  },
  {
    "model": "core.postcommunaute",
    "pk": 13,
    "fields": {
      "utilisateur": 8,
      "titre": "Ceinture denim origami",
      "description": "Technique de pliage appliquée au tissu pour créer cette ceinture rigide. Récupéré la ceinture d'un jean usagé comme base.",
      "image": "",
      "type_creation": "fait-main",
      "niveau": "intermediaire",
      "patron_lie": null,
      "date_creation": "2026-05-23T15:19:07.655Z",
      "nb_vues": 244,
      "hashtags": [
        2,
        4,
        9
      ]
    }
  },
  {
    "model": "core.postcommunaute",
    "pk": 14,
    "fields": {
      "utilisateur": 11,
      "titre": "Patron robe trapèze intemporelle",
      "description": "Je partage ce patron simple et élégant. Robe trapèze à manches 3/4, adaptable à toutes tailles. Testé sur 4 matières différentes.",
      "image": "",
      "type_creation": "patron",
      "niveau": "debutant",
      "patron_lie": null,
      "date_creation": "2026-05-24T04:19:07.771Z",
      "nb_vues": 136,
      "hashtags": [
        4,
        6
      ]
    }
  },
  {
    "model": "core.postcommunaute",
    "pk": 15,
    "fields": {
      "utilisateur": 12,
      "titre": "Chemise de travail en lin brut",
      "description": "Inspiré des chemises de travail japonaises (work shirt). Lin brut non blanchi, coutures anglaises. Durée de vie : 20 ans minimum !",
      "image": "",
      "type_creation": "fait-main",
      "niveau": "confirme",
      "patron_lie": null,
      "date_creation": "2026-05-15T02:19:07.843Z",
      "nb_vues": 374,
      "hashtags": [
        4,
        8,
        10
      ]
    }
  },
  {
    "model": "core.commentairepost",
    "pk": 1,
    "fields": {
      "utilisateur": 10,
      "post": 1,
      "contenu": "Génial ! Est-ce que tu partages le patron ?",
      "date_creation": "2026-06-01T14:19:09.568Z"
    }
  },
  {
    "model": "core.commentairepost",
    "pk": 2,
    "fields": {
      "utilisateur": 11,
      "post": 2,
      "contenu": "Belle idée de réutiliser ce tissu. Durable et stylé !",
      "date_creation": "2026-06-01T14:19:09.620Z"
    }
  },
  {
    "model": "core.commentairepost",
    "pk": 3,
    "fields": {
      "utilisateur": 12,
      "post": 2,
      "contenu": "Vraiment inspirant pour un débutant comme moi !",
      "date_creation": "2026-06-01T14:19:09.659Z"
    }
  },
  {
    "model": "core.commentairepost",
    "pk": 4,
    "fields": {
      "utilisateur": 10,
      "post": 3,
      "contenu": "Belle idée de réutiliser ce tissu. Durable et stylé !",
      "date_creation": "2026-06-01T14:19:09.724Z"
    }
  },
  {
    "model": "core.commentairepost",
    "pk": 5,
    "fields": {
      "utilisateur": 9,
      "post": 4,
      "contenu": "Génial ! Est-ce que tu partages le patron ?",
      "date_creation": "2026-06-01T14:19:09.781Z"
    }
  },
  {
    "model": "core.commentairepost",
    "pk": 6,
    "fields": {
      "utilisateur": 7,
      "post": 4,
      "contenu": "Wow, quel talent ! J'espère arriver à ce niveau un jour.",
      "date_creation": "2026-06-01T14:19:09.799Z"
    }
  },
  {
    "model": "core.commentairepost",
    "pk": 7,
    "fields": {
      "utilisateur": 10,
      "post": 4,
      "contenu": "Très beau travail. Le choix des couleurs est parfait.",
      "date_creation": "2026-06-01T14:19:09.818Z"
    }
  },
  {
    "model": "core.commentairepost",
    "pk": 8,
    "fields": {
      "utilisateur": 8,
      "post": 4,
      "contenu": "Ça donne envie de se lancer ! Merci pour l'inspiration.",
      "date_creation": "2026-06-01T14:19:09.854Z"
    }
  },
  {
    "model": "core.commentairepost",
    "pk": 9,
    "fields": {
      "utilisateur": 8,
      "post": 5,
      "contenu": "Wow, quel talent ! J'espère arriver à ce niveau un jour.",
      "date_creation": "2026-06-01T14:19:09.922Z"
    }
  },
  {
    "model": "core.commentairepost",
    "pk": 10,
    "fields": {
      "utilisateur": 9,
      "post": 5,
      "contenu": "La technique de teinture donne un résultat très naturel.",
      "date_creation": "2026-06-01T14:19:09.967Z"
    }
  },
  {
    "model": "core.commentairepost",
    "pk": 11,
    "fields": {
      "utilisateur": 12,
      "post": 6,
      "contenu": "Super projet zéro déchet ! Chaque geste compte.",
      "date_creation": "2026-06-01T14:19:10.052Z"
    }
  },
  {
    "model": "core.commentairepost",
    "pk": 12,
    "fields": {
      "utilisateur": 6,
      "post": 7,
      "contenu": "Belle idée de réutiliser ce tissu. Durable et stylé !",
      "date_creation": "2026-06-01T14:19:10.086Z"
    }
  },
  {
    "model": "core.commentairepost",
    "pk": 13,
    "fields": {
      "utilisateur": 7,
      "post": 7,
      "contenu": "Inspirant ! La façon dont tu as géré les coutures est impeccable.",
      "date_creation": "2026-06-01T14:19:10.101Z"
    }
  },
  {
    "model": "core.commentairepost",
    "pk": 14,
    "fields": {
      "utilisateur": 12,
      "post": 7,
      "contenu": "J'aime beaucoup la texture du tissu. Quelle matière ?",
      "date_creation": "2026-06-01T14:19:10.124Z"
    }
  },
  {
    "model": "core.commentairepost",
    "pk": 15,
    "fields": {
      "utilisateur": 9,
      "post": 7,
      "contenu": "Wow, quel talent ! J'espère arriver à ce niveau un jour.",
      "date_creation": "2026-06-01T14:19:10.157Z"
    }
  },
  {
    "model": "core.commentairepost",
    "pk": 16,
    "fields": {
      "utilisateur": 12,
      "post": 8,
      "contenu": "Ça donne envie de se lancer ! Merci pour l'inspiration.",
      "date_creation": "2026-06-01T14:19:10.235Z"
    }
  },
  {
    "model": "core.commentairepost",
    "pk": 17,
    "fields": {
      "utilisateur": 7,
      "post": 8,
      "contenu": "J'aime beaucoup la texture du tissu. Quelle matière ?",
      "date_creation": "2026-06-01T14:19:10.265Z"
    }
  },
  {
    "model": "core.commentairepost",
    "pk": 18,
    "fields": {
      "utilisateur": 8,
      "post": 8,
      "contenu": "Belle idée de réutiliser ce tissu. Durable et stylé !",
      "date_creation": "2026-06-01T14:19:10.288Z"
    }
  },
  {
    "model": "core.commentairepost",
    "pk": 19,
    "fields": {
      "utilisateur": 9,
      "post": 9,
      "contenu": "J'adore l'idée, je vais m'en inspirer pour mes prochains projets.",
      "date_creation": "2026-06-01T14:19:10.306Z"
    }
  },
  {
    "model": "core.commentairepost",
    "pk": 20,
    "fields": {
      "utilisateur": 8,
      "post": 9,
      "contenu": "J'aime beaucoup la texture du tissu. Quelle matière ?",
      "date_creation": "2026-06-01T14:19:10.345Z"
    }
  },
  {
    "model": "core.commentairepost",
    "pk": 21,
    "fields": {
      "utilisateur": 12,
      "post": 10,
      "contenu": "Très beau travail. Le choix des couleurs est parfait.",
      "date_creation": "2026-06-01T14:19:10.391Z"
    }
  },
  {
    "model": "core.commentairepost",
    "pk": 22,
    "fields": {
      "utilisateur": 7,
      "post": 11,
      "contenu": "Ces couleurs sont magnifiques ! La teinture naturelle, c'est magique.",
      "date_creation": "2026-06-01T14:19:10.437Z"
    }
  },
  {
    "model": "core.commentairepost",
    "pk": 23,
    "fields": {
      "utilisateur": 11,
      "post": 11,
      "contenu": "Bravo ! Combien de temps t'a pris cette création ?",
      "date_creation": "2026-06-01T14:19:10.528Z"
    }
  },
  {
    "model": "core.commentairepost",
    "pk": 24,
    "fields": {
      "utilisateur": 8,
      "post": 11,
      "contenu": "Très beau travail. Le choix des couleurs est parfait.",
      "date_creation": "2026-06-01T14:19:10.572Z"
    }
  },
  {
    "model": "core.commentairepost",
    "pk": 25,
    "fields": {
      "utilisateur": 7,
      "post": 12,
      "contenu": "J'aime beaucoup la texture du tissu. Quelle matière ?",
      "date_creation": "2026-06-01T14:19:10.587Z"
    }
  },
  {
    "model": "core.commentairepost",
    "pk": 26,
    "fields": {
      "utilisateur": 8,
      "post": 12,
      "contenu": "J'adore l'idée, je vais m'en inspirer pour mes prochains projets.",
      "date_creation": "2026-06-01T14:19:10.599Z"
    }
  },
  {
    "model": "core.commentairepost",
    "pk": 27,
    "fields": {
      "utilisateur": 12,
      "post": 12,
      "contenu": "Inspirant ! La façon dont tu as géré les coutures est impeccable.",
      "date_creation": "2026-06-01T14:19:10.614Z"
    }
  },
  {
    "model": "core.commentairepost",
    "pk": 28,
    "fields": {
      "utilisateur": 8,
      "post": 13,
      "contenu": "Super projet ! Quelle matière as-tu utilisée pour la doublure ?",
      "date_creation": "2026-06-01T14:19:10.653Z"
    }
  },
  {
    "model": "core.commentairepost",
    "pk": 29,
    "fields": {
      "utilisateur": 7,
      "post": 13,
      "contenu": "Ça donne envie de se lancer ! Merci pour l'inspiration.",
      "date_creation": "2026-06-01T14:19:10.685Z"
    }
  },
  {
    "model": "core.commentairepost",
    "pk": 30,
    "fields": {
      "utilisateur": 8,
      "post": 14,
      "contenu": "La technique de teinture donne un résultat très naturel.",
      "date_creation": "2026-06-01T14:19:10.738Z"
    }
  },
  {
    "model": "core.commentairepost",
    "pk": 31,
    "fields": {
      "utilisateur": 7,
      "post": 14,
      "contenu": "Super projet ! Quelle matière as-tu utilisée pour la doublure ?",
      "date_creation": "2026-06-01T14:19:10.769Z"
    }
  },
  {
    "model": "core.commentairepost",
    "pk": 32,
    "fields": {
      "utilisateur": 6,
      "post": 14,
      "contenu": "Magnifique réalisation ! La technique est vraiment bien maîtrisée.",
      "date_creation": "2026-06-01T14:19:10.908Z"
    }
  },
  {
    "model": "core.commentairepost",
    "pk": 33,
    "fields": {
      "utilisateur": 9,
      "post": 15,
      "contenu": "Le résultat est bluffant, on ne dirait pas que c'est recyclé !",
      "date_creation": "2026-06-01T14:19:11.000Z"
    }
  },
  {
    "model": "core.commentairepost",
    "pk": 34,
    "fields": {
      "utilisateur": 8,
      "post": 15,
      "contenu": "J'ai essayé quelque chose de similaire, le résultat est toujours unique.",
      "date_creation": "2026-06-01T14:19:11.239Z"
    }
  },
  {
    "model": "core.commentairepost",
    "pk": 35,
    "fields": {
      "utilisateur": 5,
      "post": 2,
      "contenu": "Super projet !",
      "date_creation": "2026-06-01T14:22:50.684Z"
    }
  },
  {
    "model": "core.likepost",
    "pk": 1,
    "fields": {
      "utilisateur": 12,
      "post": 1,
      "date_like": "2026-06-01T14:19:07.939Z"
    }
  },
  {
    "model": "core.likepost",
    "pk": 2,
    "fields": {
      "utilisateur": 8,
      "post": 1,
      "date_like": "2026-06-01T14:19:07.961Z"
    }
  },
  {
    "model": "core.likepost",
    "pk": 3,
    "fields": {
      "utilisateur": 9,
      "post": 1,
      "date_like": "2026-06-01T14:19:07.984Z"
    }
  },
  {
    "model": "core.likepost",
    "pk": 4,
    "fields": {
      "utilisateur": 10,
      "post": 1,
      "date_like": "2026-06-01T14:19:08.005Z"
    }
  },
  {
    "model": "core.likepost",
    "pk": 5,
    "fields": {
      "utilisateur": 5,
      "post": 1,
      "date_like": "2026-06-01T14:19:08.027Z"
    }
  },
  {
    "model": "core.likepost",
    "pk": 6,
    "fields": {
      "utilisateur": 10,
      "post": 2,
      "date_like": "2026-06-01T14:19:08.054Z"
    }
  },
  {
    "model": "core.likepost",
    "pk": 7,
    "fields": {
      "utilisateur": 8,
      "post": 2,
      "date_like": "2026-06-01T14:19:08.074Z"
    }
  },
  {
    "model": "core.likepost",
    "pk": 8,
    "fields": {
      "utilisateur": 12,
      "post": 2,
      "date_like": "2026-06-01T14:19:08.094Z"
    }
  },
  {
    "model": "core.likepost",
    "pk": 10,
    "fields": {
      "utilisateur": 9,
      "post": 2,
      "date_like": "2026-06-01T14:19:08.140Z"
    }
  },
  {
    "model": "core.likepost",
    "pk": 11,
    "fields": {
      "utilisateur": 11,
      "post": 2,
      "date_like": "2026-06-01T14:19:08.160Z"
    }
  },
  {
    "model": "core.likepost",
    "pk": 12,
    "fields": {
      "utilisateur": 8,
      "post": 3,
      "date_like": "2026-06-01T14:19:08.187Z"
    }
  },
  {
    "model": "core.likepost",
    "pk": 13,
    "fields": {
      "utilisateur": 12,
      "post": 4,
      "date_like": "2026-06-01T14:19:08.207Z"
    }
  },
  {
    "model": "core.likepost",
    "pk": 14,
    "fields": {
      "utilisateur": 10,
      "post": 4,
      "date_like": "2026-06-01T14:19:08.227Z"
    }
  },
  {
    "model": "core.likepost",
    "pk": 15,
    "fields": {
      "utilisateur": 6,
      "post": 4,
      "date_like": "2026-06-01T14:19:08.276Z"
    }
  },
  {
    "model": "core.likepost",
    "pk": 16,
    "fields": {
      "utilisateur": 7,
      "post": 4,
      "date_like": "2026-06-01T14:19:08.313Z"
    }
  },
  {
    "model": "core.likepost",
    "pk": 17,
    "fields": {
      "utilisateur": 9,
      "post": 4,
      "date_like": "2026-06-01T14:19:08.337Z"
    }
  },
  {
    "model": "core.likepost",
    "pk": 18,
    "fields": {
      "utilisateur": 8,
      "post": 5,
      "date_like": "2026-06-01T14:19:08.364Z"
    }
  },
  {
    "model": "core.likepost",
    "pk": 19,
    "fields": {
      "utilisateur": 12,
      "post": 5,
      "date_like": "2026-06-01T14:19:08.385Z"
    }
  },
  {
    "model": "core.likepost",
    "pk": 20,
    "fields": {
      "utilisateur": 5,
      "post": 6,
      "date_like": "2026-06-01T14:19:08.410Z"
    }
  },
  {
    "model": "core.likepost",
    "pk": 21,
    "fields": {
      "utilisateur": 6,
      "post": 6,
      "date_like": "2026-06-01T14:19:08.440Z"
    }
  },
  {
    "model": "core.likepost",
    "pk": 22,
    "fields": {
      "utilisateur": 9,
      "post": 6,
      "date_like": "2026-06-01T14:19:08.488Z"
    }
  },
  {
    "model": "core.likepost",
    "pk": 23,
    "fields": {
      "utilisateur": 12,
      "post": 6,
      "date_like": "2026-06-01T14:19:08.519Z"
    }
  },
  {
    "model": "core.likepost",
    "pk": 24,
    "fields": {
      "utilisateur": 8,
      "post": 6,
      "date_like": "2026-06-01T14:19:08.539Z"
    }
  },
  {
    "model": "core.likepost",
    "pk": 25,
    "fields": {
      "utilisateur": 7,
      "post": 7,
      "date_like": "2026-06-01T14:19:08.575Z"
    }
  },
  {
    "model": "core.likepost",
    "pk": 26,
    "fields": {
      "utilisateur": 10,
      "post": 7,
      "date_like": "2026-06-01T14:19:08.612Z"
    }
  },
  {
    "model": "core.likepost",
    "pk": 27,
    "fields": {
      "utilisateur": 8,
      "post": 8,
      "date_like": "2026-06-01T14:19:08.653Z"
    }
  },
  {
    "model": "core.likepost",
    "pk": 28,
    "fields": {
      "utilisateur": 6,
      "post": 8,
      "date_like": "2026-06-01T14:19:08.690Z"
    }
  },
  {
    "model": "core.likepost",
    "pk": 29,
    "fields": {
      "utilisateur": 12,
      "post": 9,
      "date_like": "2026-06-01T14:19:08.737Z"
    }
  },
  {
    "model": "core.likepost",
    "pk": 30,
    "fields": {
      "utilisateur": 5,
      "post": 9,
      "date_like": "2026-06-01T14:19:08.767Z"
    }
  },
  {
    "model": "core.likepost",
    "pk": 31,
    "fields": {
      "utilisateur": 8,
      "post": 11,
      "date_like": "2026-06-01T14:19:08.788Z"
    }
  },
  {
    "model": "core.likepost",
    "pk": 32,
    "fields": {
      "utilisateur": 10,
      "post": 12,
      "date_like": "2026-06-01T14:19:08.908Z"
    }
  },
  {
    "model": "core.likepost",
    "pk": 33,
    "fields": {
      "utilisateur": 11,
      "post": 12,
      "date_like": "2026-06-01T14:19:08.932Z"
    }
  },
  {
    "model": "core.likepost",
    "pk": 34,
    "fields": {
      "utilisateur": 5,
      "post": 12,
      "date_like": "2026-06-01T14:19:08.977Z"
    }
  },
  {
    "model": "core.likepost",
    "pk": 35,
    "fields": {
      "utilisateur": 8,
      "post": 12,
      "date_like": "2026-06-01T14:19:09.050Z"
    }
  },
  {
    "model": "core.likepost",
    "pk": 36,
    "fields": {
      "utilisateur": 6,
      "post": 13,
      "date_like": "2026-06-01T14:19:09.214Z"
    }
  },
  {
    "model": "core.likepost",
    "pk": 37,
    "fields": {
      "utilisateur": 9,
      "post": 13,
      "date_like": "2026-06-01T14:19:09.352Z"
    }
  },
  {
    "model": "core.likepost",
    "pk": 38,
    "fields": {
      "utilisateur": 7,
      "post": 13,
      "date_like": "2026-06-01T14:19:09.376Z"
    }
  },
  {
    "model": "core.likepost",
    "pk": 39,
    "fields": {
      "utilisateur": 6,
      "post": 14,
      "date_like": "2026-06-01T14:19:09.482Z"
    }
  },
  {
    "model": "core.likepost",
    "pk": 40,
    "fields": {
      "utilisateur": 10,
      "post": 15,
      "date_like": "2026-06-01T14:19:09.505Z"
    }
  },
  {
    "model": "core.likepost",
    "pk": 41,
    "fields": {
      "utilisateur": 1,
      "post": 14,
      "date_like": "2026-06-03T09:43:58.955Z"
    }
  },
  {
    "model": "core.likepost",
    "pk": 42,
    "fields": {
      "utilisateur": 1,
      "post": 4,
      "date_like": "2026-06-03T12:14:39.142Z"
    }
  },
  {
    "model": "core.sauvegardepost",
    "pk": 1,
    "fields": {
      "utilisateur": 5,
      "post": 2,
      "date_sauvegarde": "2026-06-01T14:22:50.668Z"
    }
  },
  {
    "model": "core.suivi",
    "pk": 2,
    "fields": {
      "suiveur": 5,
      "suivi": 10,
      "date_suivi": "2026-06-01T14:19:11.544Z"
    }
  },
  {
    "model": "core.suivi",
    "pk": 3,
    "fields": {
      "suiveur": 5,
      "suivi": 8,
      "date_suivi": "2026-06-01T14:19:11.619Z"
    }
  },
  {
    "model": "core.suivi",
    "pk": 4,
    "fields": {
      "suiveur": 5,
      "suivi": 12,
      "date_suivi": "2026-06-01T14:19:11.676Z"
    }
  },
  {
    "model": "core.suivi",
    "pk": 5,
    "fields": {
      "suiveur": 5,
      "suivi": 11,
      "date_suivi": "2026-06-01T14:19:11.688Z"
    }
  },
  {
    "model": "core.suivi",
    "pk": 6,
    "fields": {
      "suiveur": 6,
      "suivi": 9,
      "date_suivi": "2026-06-01T14:19:11.721Z"
    }
  },
  {
    "model": "core.suivi",
    "pk": 7,
    "fields": {
      "suiveur": 6,
      "suivi": 7,
      "date_suivi": "2026-06-01T14:19:11.789Z"
    }
  },
  {
    "model": "core.suivi",
    "pk": 8,
    "fields": {
      "suiveur": 6,
      "suivi": 5,
      "date_suivi": "2026-06-01T14:19:11.912Z"
    }
  },
  {
    "model": "core.suivi",
    "pk": 9,
    "fields": {
      "suiveur": 6,
      "suivi": 10,
      "date_suivi": "2026-06-01T14:19:11.956Z"
    }
  },
  {
    "model": "core.suivi",
    "pk": 10,
    "fields": {
      "suiveur": 7,
      "suivi": 5,
      "date_suivi": "2026-06-01T14:19:12.003Z"
    }
  },
  {
    "model": "core.suivi",
    "pk": 11,
    "fields": {
      "suiveur": 7,
      "suivi": 12,
      "date_suivi": "2026-06-01T14:19:12.054Z"
    }
  },
  {
    "model": "core.suivi",
    "pk": 12,
    "fields": {
      "suiveur": 7,
      "suivi": 10,
      "date_suivi": "2026-06-01T14:19:12.119Z"
    }
  },
  {
    "model": "core.suivi",
    "pk": 13,
    "fields": {
      "suiveur": 8,
      "suivi": 6,
      "date_suivi": "2026-06-01T14:19:12.273Z"
    }
  },
  {
    "model": "core.suivi",
    "pk": 14,
    "fields": {
      "suiveur": 8,
      "suivi": 12,
      "date_suivi": "2026-06-01T14:19:12.301Z"
    }
  },
  {
    "model": "core.suivi",
    "pk": 15,
    "fields": {
      "suiveur": 8,
      "suivi": 11,
      "date_suivi": "2026-06-01T14:19:12.360Z"
    }
  },
  {
    "model": "core.suivi",
    "pk": 16,
    "fields": {
      "suiveur": 9,
      "suivi": 8,
      "date_suivi": "2026-06-01T14:19:12.406Z"
    }
  },
  {
    "model": "core.suivi",
    "pk": 17,
    "fields": {
      "suiveur": 9,
      "suivi": 5,
      "date_suivi": "2026-06-01T14:19:12.440Z"
    }
  },
  {
    "model": "core.suivi",
    "pk": 18,
    "fields": {
      "suiveur": 9,
      "suivi": 12,
      "date_suivi": "2026-06-01T14:19:12.502Z"
    }
  },
  {
    "model": "core.suivi",
    "pk": 19,
    "fields": {
      "suiveur": 10,
      "suivi": 9,
      "date_suivi": "2026-06-01T14:19:12.532Z"
    }
  },
  {
    "model": "core.suivi",
    "pk": 20,
    "fields": {
      "suiveur": 10,
      "suivi": 12,
      "date_suivi": "2026-06-01T14:19:12.556Z"
    }
  },
  {
    "model": "core.suivi",
    "pk": 21,
    "fields": {
      "suiveur": 10,
      "suivi": 6,
      "date_suivi": "2026-06-01T14:19:12.633Z"
    }
  },
  {
    "model": "core.suivi",
    "pk": 22,
    "fields": {
      "suiveur": 10,
      "suivi": 8,
      "date_suivi": "2026-06-01T14:19:12.684Z"
    }
  },
  {
    "model": "core.suivi",
    "pk": 23,
    "fields": {
      "suiveur": 11,
      "suivi": 10,
      "date_suivi": "2026-06-01T14:19:12.715Z"
    }
  },
  {
    "model": "core.suivi",
    "pk": 24,
    "fields": {
      "suiveur": 11,
      "suivi": 7,
      "date_suivi": "2026-06-01T14:19:12.752Z"
    }
  },
  {
    "model": "core.suivi",
    "pk": 25,
    "fields": {
      "suiveur": 11,
      "suivi": 8,
      "date_suivi": "2026-06-01T14:19:12.776Z"
    }
  },
  {
    "model": "core.suivi",
    "pk": 26,
    "fields": {
      "suiveur": 11,
      "suivi": 12,
      "date_suivi": "2026-06-01T14:19:12.793Z"
    }
  },
  {
    "model": "core.suivi",
    "pk": 27,
    "fields": {
      "suiveur": 12,
      "suivi": 10,
      "date_suivi": "2026-06-01T14:19:12.807Z"
    }
  },
  {
    "model": "core.suivi",
    "pk": 28,
    "fields": {
      "suiveur": 12,
      "suivi": 6,
      "date_suivi": "2026-06-01T14:19:12.838Z"
    }
  },
  {
    "model": "core.suivi",
    "pk": 29,
    "fields": {
      "suiveur": 12,
      "suivi": 9,
      "date_suivi": "2026-06-01T14:19:12.918Z"
    }
  },
  {
    "model": "core.suivi",
    "pk": 30,
    "fields": {
      "suiveur": 12,
      "suivi": 5,
      "date_suivi": "2026-06-01T14:19:12.950Z"
    }
  },
  {
    "model": "core.suivi",
    "pk": 31,
    "fields": {
      "suiveur": 12,
      "suivi": 11,
      "date_suivi": "2026-06-01T14:19:13.010Z"
    }
  },
  {
    "model": "core.patron",
    "pk": 53,
    "fields": {
      "titre": "Tote bag XXL",
      "description": "Grand sac cabas polyvalent et résistant, idéal pour le marché, la plage ou le quotidien. Ce projet débutant vous initie aux coutures droites, à la construction d'un fond structuré et à la fixation d'anses solides. Résultat durable garanti en moins de deux heures !",
      "typeObjet": "Sac",
      "surfaceMin": 0.5,
      "surfaceMax": 1.0,
      "estPremium": false,
      "difficulte": 1,
      "photo": "",
      "duree": "2h",
      "materiel": "Ciseaux de couture, Machine à coudre, Fil, Épingles, Craie de couture, Fer à repasser",
      "matiere_requise": "coton,lin,jean,toile"
    }
  },
  {
    "model": "core.patron",
    "pk": 54,
    "fields": {
      "titre": "Pochette zippée bicolore",
      "description": "Petite pochette pratique avec fermeture éclair, parfaite pour ranger cosmétiques, câbles ou affaires de voyage. Ce projet initie à la pose de fermeture éclair, technique redoutée mais simple une fois le truc compris ! Idéal pour valoriser les chutes de tissu colorées.",
      "typeObjet": "Pochette",
      "surfaceMin": 0.15,
      "surfaceMax": 0.35,
      "estPremium": false,
      "difficulte": 1,
      "photo": "",
      "duree": "1h",
      "materiel": "Ciseaux, Machine à coudre, Fil, Épingles, Épingle de sûreté",
      "matiere_requise": ""
    }
  },
  {
    "model": "core.patron",
    "pk": 55,
    "fields": {
      "titre": "Coussin patchwork bohème",
      "description": "Coussin décoratif en patchwork composé de carrés et de rectangles de tissus dépareillés. La technique du patchwork permet de créer des motifs géométriques saisissants tout en valorisant les plus petites chutes de tissu. Un projet qui transforme le désordre du tiroir à chutes en objet de décoration élégant.",
      "typeObjet": "Coussin",
      "surfaceMin": 0.4,
      "surfaceMax": 0.9,
      "estPremium": false,
      "difficulte": 2,
      "photo": "",
      "duree": "3h30",
      "materiel": "Ciseaux, Machine à coudre, Fil, Épingles, Règle de patchwork, Craie de couture, Fer à repasser",
      "matiere_requise": "coton,lin"
    }
  },
  {
    "model": "core.patron",
    "pk": 56,
    "fields": {
      "titre": "Tablier de cuisine élégant",
      "description": "Tablier de cuisine ajusté avec une grande poche kangourou et des bretelles croisées dans le dos. Facile à coudre mais très gratifiant, ce projet transforme un grand morceau de tissu en un accessoire du quotidien solide et stylé. Parfait pour les tissus épais comme la toile, le jean ou le lin.",
      "typeObjet": "Tablier",
      "surfaceMin": 0.6,
      "surfaceMax": 1.2,
      "estPremium": false,
      "difficulte": 1,
      "photo": "",
      "duree": "2h",
      "materiel": "Ciseaux, Machine à coudre, Fil, Épingles, Fer à repasser, Décimètre, Craie de couture",
      "matiere_requise": "coton,lin,toile,jean"
    }
  },
  {
    "model": "core.patron",
    "pk": 57,
    "fields": {
      "titre": "Sac à dos urbain structuré",
      "description": "Sac à dos fonctionnel et robuste avec poche frontale zippée, dos rembourré et bretelles réglables. Ce projet ambitieux convient aux couturières expérimentées et nécessite des tissus résistants comme le jean, la toile canvas ou le cuir synthétique. Le résultat est un sac durable, réparable et vraiment personnel.",
      "typeObjet": "Sac",
      "surfaceMin": 1.0,
      "surfaceMax": 2.0,
      "estPremium": true,
      "difficulte": 3,
      "photo": "",
      "duree": "6h",
      "materiel": "Ciseaux, Machine à coudre, Fil résistant, Épingles, Aiguille à jean, Fer à repasser, Marteau de couture, Pince-rivets, Décimètre",
      "matiere_requise": "jean,toile"
    }
  },
  {
    "model": "core.patron",
    "pk": 58,
    "fields": {
      "titre": "Veste kimono bohème",
      "description": "Veste légère et fluide au style kimono, avec de larges manches droites et un tombé élégant. Ce patron de niveau intermédiaire demande des tissus souples et légers : viscose, voile de coton, mousseline ou tissu de chemise fin. Idéal pour valoriser une nappe ou un rideau léger en lin ou en coton.",
      "typeObjet": "Vêtement",
      "surfaceMin": 1.5,
      "surfaceMax": 2.5,
      "estPremium": false,
      "difficulte": 2,
      "photo": "",
      "duree": "4h",
      "materiel": "Ciseaux, Machine à coudre, Fil, Épingles, Ruban à mesurer, Fer à repasser, Mètre ruban, Craie de couture",
      "matiere_requise": "viscose,voile,mousseline,lin"
    }
  },
  {
    "model": "core.patron",
    "pk": 59,
    "fields": {
      "titre": "Housse de coussin réversible",
      "description": "Housse de coussin 50 × 50 cm avec système d'ouverture enveloppe — aucune fermeture éclair nécessaire ! En cousant deux tissus complémentaires dos à dos, vous obtenez une housse réversible qui peut changer d'aspect selon votre envie. Un projet idéal pour les tout débutants : prêt en moins d'une heure.",
      "typeObjet": "Coussin",
      "surfaceMin": 0.3,
      "surfaceMax": 0.6,
      "estPremium": false,
      "difficulte": 1,
      "photo": "",
      "duree": "45min",
      "materiel": "Ciseaux, Machine à coudre, Fil, Épingles, Fer à repasser",
      "matiere_requise": ""
    }
  },
  {
    "model": "core.patron",
    "pk": 60,
    "fields": {
      "titre": "Nécessaire de voyage à compartiments",
      "description": "Trousse de toilette structurée avec soufflets, fermeture éclair principale et poche filet intérieure. Ce projet de niveau intermédiaire exploite les possibilités des tissus épais et résistants pour créer un accessoire pratique et durable. Ses soufflets latéraux lui donnent du volume tout en restant compact lorsqu'il est vide.",
      "typeObjet": "Trousse",
      "surfaceMin": 0.3,
      "surfaceMax": 0.6,
      "estPremium": true,
      "difficulte": 2,
      "photo": "",
      "duree": "2h30",
      "materiel": "Ciseaux, Machine à coudre, Fil, Épingles, Dé à coudre, Règle, Craie de couture, Pied zipper",
      "matiere_requise": "jean,toile,coton"
    }
  },
  {
    "model": "core.patron",
    "pk": 61,
    "fields": {
      "titre": "Bandeau et sachet senteur upcyclé",
      "description": "Duo de petites créations rapides et anti-gaspi : un bandeau cheveux élastique et un sachet senteur lavande pour les tiroirs. Ces deux mini-projets sont parfaits pour valoriser les toutes petites chutes de tissu et offrir de jolis cadeaux zéro déchet faits main. Idéal comme premier projet de couture ou pour initier les enfants.",
      "typeObjet": "Accessoire",
      "surfaceMin": 0.05,
      "surfaceMax": 0.2,
      "estPremium": false,
      "difficulte": 1,
      "photo": "",
      "duree": "30min",
      "materiel": "Ciseaux, Machine à coudre (ou aiguille à la main), Fil, Épingles, Épingle de sûreté",
      "matiere_requise": ""
    }
  },
  {
    "model": "core.etapepatron",
    "pk": 221,
    "fields": {
      "patron": 53,
      "numero": 1,
      "titre": "Préparation et découpe du tissu",
      "description": "Lavez et repassez votre tissu avant de commencer — cela évite les rétrécissements après confection. Posez-le bien à plat sur votre table de coupe. Tracez à la craie de couture : deux rectangles de 42 × 48 cm pour le corps du sac, et deux bandes de 10 × 65 cm pour les anses. Vérifiez le sens du droit fil (parallèle à la lisière) avant chaque découpe. Découpez soigneusement avec des ciseaux de couture, en coupant d'un seul geste continu pour un bord propre.",
      "video_url": "https://www.youtube.com/watch?v=BaSmyabj9Hk",
      "conseil": "Gardez toutes les chutes : un coin du sac, une petite poche intérieure ou un détail appliqué peuvent transformer un sac basique en pièce unique.",
      "materiaux_etape": "Ciseaux de couture, Craie de couture, Règle plate, Fer à repasser"
    }
  },
  {
    "model": "core.etapepatron",
    "pk": 222,
    "fields": {
      "patron": 53,
      "numero": 2,
      "titre": "Confection des anses",
      "description": "Pliez chaque bande d'anse en deux dans le sens de la longueur, endroit contre endroit. Cousez le long côté à 1 cm du bord avec un point droit solide. Attachez une épingle de sûreté à une extrémité, glissez-la à l'intérieur du tube et faites-la coulisser vers l'autre bout pour retourner l'anse à l'endroit. Repassez bien à plat en centrant la couture au milieu de l'anse. Surpiquez à 3 mm de chaque bord sur toute la longueur pour rigidifier l'anse.",
      "video_url": null,
      "conseil": "Si le tissu est épais, glissez un peu de rembourrage mousse fin ou doublez le tissu pour des anses confortables qui ne coupent pas les mains.",
      "materiaux_etape": "Machine à coudre, Fil, Épingle de sûreté, Fer à repasser"
    }
  },
  {
    "model": "core.etapepatron",
    "pk": 223,
    "fields": {
      "patron": 53,
      "numero": 3,
      "titre": "Assemblage du corps du sac",
      "description": "Placez les deux rectangles endroit contre endroit et épinglez les trois côtés (les deux flancs et le fond). Cousez à 1,5 cm du bord avec un point droit, en faisant des points arrière au début et à la fin de chaque couture. Repassez les marges de couture ouvertes avec le fer pour un bel aplat. Pour créer des coins plats qui donnent du volume au fond : pincez chaque angle en formant un triangle, alignez la couture du flanc avec la couture du fond, et cousez perpendiculairement à 5 cm de la pointe. Coupez l'excédent à 1 cm.",
      "video_url": null,
      "conseil": "La profondeur des coins détermine la largeur du fond : 5 cm de couture = 10 cm de fond. Adaptez cette valeur à la capacité souhaitée.",
      "materiaux_etape": "Machine à coudre, Fil, Épingles, Ciseaux, Fer à repasser"
    }
  },
  {
    "model": "core.etapepatron",
    "pk": 224,
    "fields": {
      "patron": 53,
      "numero": 4,
      "titre": "Fixation des anses et ourlet supérieur",
      "description": "Retournez le sac à l'endroit. Positionnez les anses à 10 cm des coutures latérales, en les faisant rentrer de 4 cm dans le sac. Épinglez-les bien droites. Repliez le bord supérieur du sac de 1 cm vers l'envers, repassez, puis repliez à nouveau de 3 cm et épinglez en emprisonnant les extrémités des anses. Cousez tout le tour à 0,3 cm du bord replié, puis ajoutez une deuxième rangée de couture à 2,7 cm.",
      "video_url": null,
      "conseil": "Faites un carré renforcé en X sur chaque point d'attache des anses : c'est la technique professionnelle pour les sacs destinés à supporter un poids quotidien.",
      "materiaux_etape": "Machine à coudre, Fil, Épingles, Fer à repasser"
    }
  },
  {
    "model": "core.etapepatron",
    "pk": 225,
    "fields": {
      "patron": 53,
      "numero": 5,
      "titre": "Contrôle et finitions",
      "description": "Retournez le sac sur l'envers et inspectez toutes les coutures : vérifiez qu'aucun point n'a sauté et que les marges sont bien ouvertes. Passez une flamme (briquet) brièvement sur les éventuels fils qui dépassent si votre tissu est synthétique, ou coupez-les au ras pour les fibres naturelles. Retournez à l'endroit, repassez une dernière fois et remplissez le sac d'un peu de papier de soie pour lui donner sa forme pendant le séchage.",
      "video_url": null,
      "conseil": "Pour imperméabiliser légèrement votre tote bag en coton, vaporisez un imperméabilisant textile en spray (disponible en droguerie) à 20 cm de distance.",
      "materiaux_etape": "Ciseaux, Fer à repasser"
    }
  },
  {
    "model": "core.etapepatron",
    "pk": 226,
    "fields": {
      "patron": 54,
      "numero": 1,
      "titre": "Découpe des pièces",
      "description": "Découpez deux rectangles identiques de 22 × 18 cm dans votre tissu principal et deux rectangles de même taille dans la doublure. Repassez tous les rectangles pour les aplatir parfaitement. Si vous faites une pochette bicolore, utilisez deux tissus différents pour l'avant et l'arrière.",
      "video_url": null,
      "conseil": "Coupez les rectangles de doublure 1 cm plus petits en largeur pour éviter que la doublure dépasse à l'extérieur après retournement.",
      "materiaux_etape": "Ciseaux, Fer à repasser, Craie de couture"
    }
  },
  {
    "model": "core.etapepatron",
    "pk": 227,
    "fields": {
      "patron": 54,
      "numero": 2,
      "titre": "Pose de la fermeture éclair",
      "description": "Posez un rectangle de tissu principal endroit vers le haut. Déposez la fermeture éclair face vers le bas, dents alignées sur le bord supérieur. Posez un rectangle de doublure endroit vers le bas par-dessus (sandwich). Épinglez les trois couches et cousez à 0,7 cm du bord avec un pied zipper. Ouvrez le tout à plat, repassez les tissus away du zip et surpiquez à 3 mm du zip. Répétez l'opération pour l'autre côté de la fermeture éclair.",
      "video_url": "https://www.youtube.com/watch?v=CfbVgG4JSJA",
      "conseil": "La règle d'or : ouvrez la fermeture éclair à moitié avant de coudre le tour. Sinon, vous ne pourrez pas retourner la pochette !",
      "materiaux_etape": "Machine à coudre, Pied zipper, Fil, Épingles, Fer à repasser"
    }
  },
  {
    "model": "core.etapepatron",
    "pk": 228,
    "fields": {
      "patron": 54,
      "numero": 3,
      "titre": "Assemblage de la pochette",
      "description": "Retournez l'ensemble à plat, tissu principal contre tissu principal et doublure contre doublure. Vérifiez que la fermeture éclair est entrouverte. Épinglez tout le tour en laissant une ouverture de 8 cm dans la doublure (côté bas). Cousez le tour à 1 cm du bord, en renforçant les points d'arrêt près du zip. Coupez les coins en diagonale à 2 mm de la couture pour réduire le volume.",
      "video_url": null,
      "conseil": "Ne cousez pas trop près des dents de la fermeture éclair. Le pied zipper vous permet de coudre à exactement la bonne distance.",
      "materiaux_etape": "Machine à coudre, Fil, Épingles, Ciseaux"
    }
  },
  {
    "model": "core.etapepatron",
    "pk": 229,
    "fields": {
      "patron": 54,
      "numero": 4,
      "titre": "Retournement et finitions",
      "description": "Retournez la pochette à l'endroit en passant par l'ouverture laissée dans la doublure. Poussez bien les coins avec un stylo à capuchon pour les obtenir bien pointus. Glissez la doublure à l'intérieur de la pochette. Refermez l'ouverture de la doublure en cousant à la machine ou à la main au point glissé. Repassez la pochette à froid pour l'aplatir. Testez la fermeture éclair et c'est prêt !",
      "video_url": null,
      "conseil": "Si la fermeture éclair tire en arrière une fois la pochette retournée, cousez un crochet de décoration sur le curseur pour faciliter l'ouverture.",
      "materiaux_etape": "Fer à repasser, Ciseaux, Aiguille, Fil"
    }
  },
  {
    "model": "core.etapepatron",
    "pk": 230,
    "fields": {
      "patron": 55,
      "numero": 1,
      "titre": "Sélection et organisation des tissus",
      "description": "Choisissez 6 à 9 tissus différents qui s'harmonisent — par exemple trois tons d'une même couleur plus deux ou trois tissus imprimés neutres. Posez-les côte à côte sur votre table et faites des tests de combinaisons. L'harmonie idéale repose sur une alternance de tissus imprimés et de tissus unis, avec une progression de clair à foncé ou un contraste marqué.",
      "video_url": null,
      "conseil": "Photographiez vos tests d'agencement avec votre téléphone pour vous souvenir des combinaisons qui vous plaisent avant de couper quoi que ce soit.",
      "materiaux_etape": ""
    }
  },
  {
    "model": "core.etapepatron",
    "pk": 231,
    "fields": {
      "patron": 55,
      "numero": 2,
      "titre": "Découpe des carrés de patchwork",
      "description": "Tracez et découpez 25 carrés de 12 × 12 cm (pour un coussin 50 × 50 cm fini). Marquez au dos de chaque carré un repère pour le sens du fil. Si vous utilisez des imprimés directionnels (fleurs, rayures), coupez tous les carrés dans le même sens. Organisez vos carrés sur la table dans la disposition finale : 5 rangées de 5.",
      "video_url": "https://www.youtube.com/watch?v=_mFd8FHIZM4",
      "conseil": "Coupez des carrés légèrement plus grands (13 cm) si c'est votre premier patchwork : vous récupérerez les imperfections dans les marges de couture de 1,5 cm.",
      "materiaux_etape": "Ciseaux, Règle de patchwork, Craie de couture"
    }
  },
  {
    "model": "core.etapepatron",
    "pk": 232,
    "fields": {
      "patron": 55,
      "numero": 3,
      "titre": "Assemblage des rangées",
      "description": "Assemblez les carrés rangée par rangée : placez le premier et le deuxième carré endroit contre endroit et cousez le bord droit à exactement 1 cm. Continuez jusqu'à compléter la rangée de 5 carrés. Repassez toutes les marges de couture d'une rangée dans le même sens, et en sens inverse pour la rangée suivante — les coutures s'emboîteront parfaitement.",
      "video_url": null,
      "conseil": "Numérotez vos rangées avec des petits papiers épinglés pour ne pas les mélanger une fois assemblées. Le sens des marges repassées est CRUCIAL pour les intersections plates.",
      "materiaux_etape": "Machine à coudre, Fil, Épingles, Fer à repasser"
    }
  },
  {
    "model": "core.etapepatron",
    "pk": 233,
    "fields": {
      "patron": 55,
      "numero": 4,
      "titre": "Assemblage du panneau complet",
      "description": "Posez la rangée 1 et la rangée 2 endroit contre endroit. Alignez soigneusement les intersections : les marges repassées en sens opposés vont s'emboîter et créer un point de jonction parfait. Épinglez juste avant chaque intersection. Cousez à 1 cm et vérifiez que les carrés sont bien alignés en ouvrant le tissu. Continuez jusqu'à assembler les 5 rangées. Repassez à plat.",
      "video_url": null,
      "conseil": "Si une intersection est décalée, décousez uniquement les 3 cm autour du problème et recousez. Inutile de défaire toute la couture !",
      "materiaux_etape": "Machine à coudre, Fil, Épingles, Fer à repasser"
    }
  },
  {
    "model": "core.etapepatron",
    "pk": 234,
    "fields": {
      "patron": 55,
      "numero": 5,
      "titre": "Montage du coussin",
      "description": "Découpez un carré de 52 × 52 cm dans un tissu de dos uni ou complémentaire. Placez le panneau patchwork et le dos endroit contre endroit. Épinglez tout le pourtour en laissant une ouverture de 20 cm sur un côté. Cousez à 1 cm, faites des points d'arrêt, coupez les coins en biais. Retournez à l'endroit, remplissez de rembourrage ou glissez un coussin de 50 cm. Fermez l'ouverture au point glissé invisible.",
      "video_url": null,
      "conseil": "Bourrez le coussin plus que vous ne le pensez nécessaire : il perdra 10 à 15 % de son gonflant après quelques semaines.",
      "materiaux_etape": "Machine à coudre, Fil, Épingles, Ciseaux, Aiguille"
    }
  },
  {
    "model": "core.etapepatron",
    "pk": 235,
    "fields": {
      "patron": 55,
      "numero": 6,
      "titre": "Finitions et points décoratifs",
      "description": "Optionnellement, ajoutez un point de quilting (couture décorative) à travers les trois couches (patchwork, rembourrage, dos) en suivant les lignes de couture du patchwork ou en créant un motif libre. Vous pouvez aussi ajouter des boutons, du ruban ou des pompons sur les coins pour personnaliser votre création.",
      "video_url": null,
      "conseil": "Un fil de quilting légèrement différent du fil d'assemblage crée un joli contraste visuel et met en valeur le travail du patchwork.",
      "materiaux_etape": "Aiguille, Fil décoratif, Ciseaux"
    }
  },
  {
    "model": "core.etapepatron",
    "pk": 236,
    "fields": {
      "patron": 56,
      "numero": 1,
      "titre": "Tracé et découpe du tablier",
      "description": "Tracez le patron du tablier directement sur le tissu à la craie. Dimensions : un rectangle de 65 × 80 cm pour le corps. Arrondissez les deux coins supérieurs en traçant une courbe de 15 cm de rayon. Découpez l'échancrure du col (demi-cercle de 10 cm de rayon centré en haut). Découpez ensuite un rectangle de 40 × 25 cm pour la grande poche avant.",
      "video_url": null,
      "conseil": "Pliez votre tissu en deux pour découper le tablier : vous obtiendrez une symétrie parfaite sans avoir à tracer les deux côtés séparément.",
      "materiaux_etape": "Ciseaux, Craie de couture, Décimètre, Règle"
    }
  },
  {
    "model": "core.etapepatron",
    "pk": 237,
    "fields": {
      "patron": 56,
      "numero": 2,
      "titre": "Confection et pose de la poche",
      "description": "Repliez le bord supérieur de la poche de 1 cm puis de 2 cm et cousez. Repassez les trois autres côtés avec 1 cm de surplus vers l'envers. Centrez la poche à 20 cm du bas du tablier et épinglez. Cousez le bas et les deux côtés de la poche à 2 mm du bord replié. Optionnel : cousez une couture verticale au centre de la poche pour créer deux compartiments séparés.",
      "video_url": null,
      "conseil": "Renforcez les coins supérieurs de la poche avec un petit triangle cousu ou un point en X : c'est à ces endroits que les poches se déchirent en premier.",
      "materiaux_etape": "Machine à coudre, Fil, Épingles, Fer à repasser"
    }
  },
  {
    "model": "core.etapepatron",
    "pk": 238,
    "fields": {
      "patron": 56,
      "numero": 3,
      "titre": "Finition des bords du tablier",
      "description": "Repliez tout le pourtour du tablier (sauf le haut) de 1 cm puis de 2 cm vers l'envers. Épinglez et cousez à 1,8 cm du bord. Pour le haut et l'échancrure du col : coupez des encoches dans les courbes tous les 1 cm pour permettre au tissu de s'arrondir sans faire de plis. Repassez soigneusement après chaque rempli pour des bords bien plats.",
      "video_url": null,
      "conseil": "Sur les tissus épais, utilisez un marteau de couture pour aplatir les ourlets avant de piquer à la machine. Cela évite que la machine \"saute\" au-dessus du tissu épais.",
      "materiaux_etape": "Machine à coudre, Fil, Épingles, Ciseaux, Fer à repasser"
    }
  },
  {
    "model": "core.etapepatron",
    "pk": 239,
    "fields": {
      "patron": 56,
      "numero": 4,
      "titre": "Pose des bretelles et du lien de taille",
      "description": "Coupez une bande de 8 × 90 cm pour le lien de cou et deux bandes de 6 × 70 cm pour les liens de taille. Confectionnez-les comme des anses (pliées, cousues, retournées, surpiquées). Glissez les extrémités des liens sous l'ourlet du tablier à l'emplacement prévu et cousez un carré renforcé en X à chaque point d'attache. Testez le tablier sur vous avant de coudre définitivement pour ajuster la longueur des bretelles.",
      "video_url": "https://www.youtube.com/watch?v=Qlbq5nOhBb0",
      "conseil": "Pour un tablier à bretelles croisées dans le dos, attachez les liens de taille à l'avant après les avoir croisés dans le dos — très confortable et ajustable.",
      "materiaux_etape": "Machine à coudre, Fil, Épingles, Ciseaux, Fer à repasser"
    }
  },
  {
    "model": "core.etapepatron",
    "pk": 240,
    "fields": {
      "patron": 57,
      "numero": 1,
      "titre": "Tracé et découpe de toutes les pièces",
      "description": "Préparez tous vos gabarits en papier avant de couper dans le tissu. Pièces à découper : panneau avant (30 × 40 cm), panneau arrière (30 × 45 cm), fond (30 × 10 cm), deux flancs (10 × 45 cm), poche frontale (28 × 20 cm), et deux bretelles (8 × 65 cm). Découpez aussi l'interface thermocollante pour le panneau arrière et les bretelles.",
      "video_url": null,
      "conseil": "Organisez toutes vos pièces découpées sur une grande table et étiquetez-les. Cette organisation initiale vous fera gagner du temps et évitera les erreurs d'assemblage.",
      "materiaux_etape": "Ciseaux, Craie de couture, Décimètre, Règle, Fer à repasser"
    }
  },
  {
    "model": "core.etapepatron",
    "pk": 241,
    "fields": {
      "patron": 57,
      "numero": 2,
      "titre": "Construction de la poche frontale",
      "description": "Finissez le bord supérieur de la poche d'un rempli de 2 cm cousu. Posez la fermeture éclair du haut : placez-la sur l'endroit de la poche, cousez avec un pied zipper, puis repassez et surpiquez à 3 mm. Assemblez l'autre côté du zip avec la pièce de contrepoche. Surpiquez les flancs de la poche à 2 mm du bord pour un aspect soigné.",
      "video_url": "https://www.youtube.com/watch?v=CfbVgG4JSJA",
      "conseil": "Utilisez une fermeture éclair de qualité (métal ou nylon épais) : c'est le premier point de fragilité d'un sac à dos et cela se voit à l'usage.",
      "materiaux_etape": "Machine à coudre, Fil résistant, Pied zipper, Épingles, Fer à repasser"
    }
  },
  {
    "model": "core.etapepatron",
    "pk": 242,
    "fields": {
      "patron": 57,
      "numero": 3,
      "titre": "Préparation du panneau arrière",
      "description": "Thermocollez l'interface sur l'envers du panneau arrière. Cousez une couche de mousse de 5 mm sur la zone de dos (zone de contact avec le dos). Recouvrez avec un tissu doux (maille respirante ou coton léger) en surpiquant les bords pour fixer la mousse et créer un dos confortable. Marquez les emplacements des bretelles à 8 cm des flancs.",
      "video_url": null,
      "conseil": "Ajoutez un système de glissière de chargement de sac à dos si vous souhaitez fixer votre sac à une valise : c'est un détail pratique très apprécié.",
      "materiaux_etape": "Fer à repasser, Machine à coudre, Fil, Épingles, Ciseaux"
    }
  },
  {
    "model": "core.etapepatron",
    "pk": 243,
    "fields": {
      "patron": 57,
      "numero": 4,
      "titre": "Fabrication des bretelles réglables",
      "description": "Confectionnez les bretelles : cousez chaque bande de tissu sur trois côtés avec interface thermocollée à l'intérieur. Retournez et glissez une sangle plate de 2,5 cm à l'intérieur avant de fermer. Surpiquez les bords. Passez l'extrémité inférieure de chaque bretelle dans un anneau de réglage, pliez et cousez solidement. Fixez les réglettes coulissantes pour l'ajustement de longueur.",
      "video_url": null,
      "conseil": "Cousez les bretelles en X renforcé et passez plusieurs fois sur les points de fixation. Un sac chargé génère une traction considérable sur ces points.",
      "materiaux_etape": "Machine à coudre, Fil résistant, Épingles, Fer à repasser, Aiguille à jean"
    }
  },
  {
    "model": "core.etapepatron",
    "pk": 244,
    "fields": {
      "patron": 57,
      "numero": 5,
      "titre": "Assemblage du corps principal",
      "description": "Positionnez la poche frontale sur le panneau avant et cousez le bas et les côtés à 2 mm. Assemblez les pièces dans l'ordre : flancs + fond, puis panneau avant, puis panneau arrière. Travaillez endroit contre endroit à chaque assemblage. Cousez avec fil résistant et point de longueur réduite (2 mm) pour plus de solidité. Repassez les marges ouvertes au fur et à mesure.",
      "video_url": null,
      "conseil": "Pour les coutures sous tension, faites deux passes parallèles à 2 mm d'écart plutôt qu'une seule couture centrale : la résistance est doublée.",
      "materiaux_etape": "Machine à coudre, Fil résistant, Épingles, Fer à repasser"
    }
  },
  {
    "model": "core.etapepatron",
    "pk": 245,
    "fields": {
      "patron": 57,
      "numero": 6,
      "titre": "Pose de la fermeture principale et des sangles",
      "description": "Posez la grande fermeture éclair d'ouverture principale en haut du sac, entre les deux panneaux. Travaillez méthodiquement, endroit contre endroit. Fixez les bretelles sur le panneau arrière : piquez solidement en X renforcé, puis renforcez avec des rivets métalliques aux quatre points de contrainte. Fixez la sangle de poignée en haut du sac avec des rivets.",
      "video_url": null,
      "conseil": "Pour poser les rivets, utilisez un marteau et une surface dure. Percez le trou légèrement plus petit que le rivet pour un maintien parfait.",
      "materiaux_etape": "Pied zipper, Machine à coudre, Fil résistant, Marteau, Pince-rivets"
    }
  },
  {
    "model": "core.etapepatron",
    "pk": 246,
    "fields": {
      "patron": 57,
      "numero": 7,
      "titre": "Finitions et contrôle qualité",
      "description": "Retournez le sac et inspectez toutes les coutures intérieures. Surfilez ou surjetez les marges de couture intérieures pour éviter l'effilochage et prolonger la durée de vie du sac. Renforcez les angles du fond avec des coutures triangulaires. Testez le sac en le chargeant à 5 kg pour vérifier que tous les points d'attache résistent. Repassez et placez une forme gonflante à l'intérieur pour lui donner sa structure.",
      "video_url": null,
      "conseil": "Traitez l'extérieur du sac avec une cire d'imperméabilisation en spray pour protéger le tissu de la pluie sans changer son aspect.",
      "materiaux_etape": "Machine à coudre, Ciseaux, Fer à repasser"
    }
  },
  {
    "model": "core.etapepatron",
    "pk": 247,
    "fields": {
      "patron": 58,
      "numero": 1,
      "titre": "Prise de mesures et tracé du patron",
      "description": "Prenez les mesures suivantes : tour de poitrine + 20 cm (aisance), longueur épaule-poignet, longueur épaule-genou (ou longueur souhaitée), largeur d'épaule. Tracez le patron en T sur papier kraft : corps central (largeur = tour poitrine/2 + 10 cm, hauteur = longueur voulue), manches rectangulaires (45 cm de large × longueur bras). Ajoutez 2 cm de marge partout.",
      "video_url": null,
      "conseil": "Le kimono est un vêtement très indulgent : les tolérances sont larges et le patron peut être adapté en quelques traits de craie. Commencez toujours par un test en tissu bon marché.",
      "materiaux_etape": "Craie de couture, Mètre ruban, Règle, Ciseau à papier"
    }
  },
  {
    "model": "core.etapepatron",
    "pk": 248,
    "fields": {
      "patron": 58,
      "numero": 2,
      "titre": "Découpe du tissu",
      "description": "Pliez le tissu en deux dans le sens de la longueur, endroit contre endroit. Placez le patron en alignant le bord du milieu dos sur le pli du tissu. Épinglez et découpez. Dépliez : vous obtenez le corps entier d'un seul tenant. Découpez les deux manches séparément. Pour les tissus glissants, stabilisez-les avec des épingles serrées et des ciseaux bien aiguisés.",
      "video_url": "https://www.youtube.com/watch?v=Qlbq5nOhBb0",
      "conseil": "Évitez de tirer sur les tissus fluides lors de la découpe : posez-les à plat et utilisez des poids de couture plutôt que des épingles pour ne pas les déformer.",
      "materiaux_etape": "Ciseaux, Épingles, Craie de couture"
    }
  },
  {
    "model": "core.etapepatron",
    "pk": 249,
    "fields": {
      "patron": 58,
      "numero": 3,
      "titre": "Assemblage des épaules et des côtés",
      "description": "Repliez le corps en deux au niveau des épaules, endroit contre endroit. Cousez les coutures d'épaule à 1,5 cm. Surjetez ou surfilez les marges. Cousez les coutures de côté à 1,5 cm du bas de la manche jusqu'en bas du vêtement en laissant une fente de 15 cm en bas des côtés si souhaité. Repassez toutes les marges vers le dos.",
      "video_url": null,
      "conseil": "Sur les tissus fluides, utilisez une aiguille fine (70/10) et un fil de polyester léger. Rallongez légèrement le point de couture pour éviter les fronces.",
      "materiaux_etape": "Machine à coudre, Fil, Épingles, Fer à repasser"
    }
  },
  {
    "model": "core.etapepatron",
    "pk": 250,
    "fields": {
      "patron": 58,
      "numero": 4,
      "titre": "Pose des manches",
      "description": "Cousez les coutures de dessous de manche à 1,5 cm. Repassez ouvertes. Glissez chaque manche dans l'emmanchure correspondante, endroit contre endroit. Alignez la couture sous-manche avec la couture de côté du corps. Épinglez régulièrement et cousez à 1,5 cm. Pour le kimono, les manches n'ont pas de courbe d'emmanchure — c'est une couture droite simple.",
      "video_url": null,
      "conseil": "La force du kimono est sa construction rectangulaire : pas de courbes difficiles à assembler, juste des droites. C'est pour ça que c'est parfait pour les tissus glissants.",
      "materiaux_etape": "Machine à coudre, Fil, Épingles, Fer à repasser"
    }
  },
  {
    "model": "core.etapepatron",
    "pk": 251,
    "fields": {
      "patron": 58,
      "numero": 5,
      "titre": "Réalisation du col et des revers",
      "description": "Coupez une bande de 8 cm de large pour le col/revers sur toute la longueur du devant + 40 cm de col. Pliez-la en deux dans le sens de la longueur, repassez. Épinglez la face extérieure sur l'endroit du vêtement en commençant par le bas du devant et en continuant dans le dos du col. Cousez à 1,5 cm. Repliez vers l'intérieur et cousez au point glissé ou surpiquez depuis l'endroit.",
      "video_url": null,
      "conseil": "Crantez les courbes du col au niveau du virage dos/devant tous les 5 mm pour que le col se pose à plat sans faire de boursouflures.",
      "materiaux_etape": "Machine à coudre, Fil, Épingles, Ciseaux, Fer à repasser, Aiguille"
    }
  },
  {
    "model": "core.etapepatron",
    "pk": 252,
    "fields": {
      "patron": 58,
      "numero": 6,
      "titre": "Ourlets et finitions décoratives",
      "description": "Faites un ourlet de 1 cm roulotté (plié deux fois à 0,5 cm) sur les bas de manches. Faites le même ourlet en bas du vêtement. Optionnel : ajoutez des franges, du biais contrastant, de la broderie ou des impressions au tampon pour personnaliser votre kimono. Repassez une dernière fois à l'envers avec un chiffon humide pour laisser le tissu respirer.",
      "video_url": null,
      "conseil": "Pour les ourlets de tissus très fins, l'ourlet roulotté est le plus discret. Faites-le à la machine avec un pied ourlet roulotté si vous en avez un.",
      "materiaux_etape": "Machine à coudre, Fil, Fer à repasser"
    }
  },
  {
    "model": "core.etapepatron",
    "pk": 253,
    "fields": {
      "patron": 59,
      "numero": 1,
      "titre": "Découpe des panneaux",
      "description": "Pour une housse de 50 × 50 cm : découpez un panneau avant de 52 × 52 cm, et deux panneaux arrière de 52 × 35 cm chacun. Les deux panneaux arrière se chevauchent au centre pour créer l'ouverture enveloppe. Repassez tous les panneaux. Pour une housse réversible : découpez les mêmes pièces dans un deuxième tissu.",
      "video_url": null,
      "conseil": "Ajoutez toujours 2 cm aux dimensions du coussin pour la housse : la housse doit être légèrement ajustée pour que le coussin soit bien plein et ferme.",
      "materiaux_etape": "Ciseaux, Craie de couture, Règle, Fer à repasser"
    }
  },
  {
    "model": "core.etapepatron",
    "pk": 254,
    "fields": {
      "patron": 59,
      "numero": 2,
      "titre": "Ourlet des panneaux arrière et assemblage",
      "description": "Faites un ourlet double de 2 cm sur le bord central de chacun des deux panneaux arrière. Posez le panneau avant endroit vers le haut. Posez les deux panneaux arrière endroit vers le bas, les ourlets se chevauchant au centre. Épinglez tout le tour. Cousez à 1,5 cm du bord tout autour. Coupez les coins en biais à 2 mm de la couture.",
      "video_url": null,
      "conseil": "Le chevauchement des panneaux arrière doit faire au moins 10 cm pour que le coussin reste en place. Si votre tissu est glissant, cousez un point d'arrêt au centre du chevauchement.",
      "materiaux_etape": "Machine à coudre, Fil, Épingles, Ciseaux"
    }
  },
  {
    "model": "core.etapepatron",
    "pk": 255,
    "fields": {
      "patron": 59,
      "numero": 3,
      "titre": "Retournement et finitions",
      "description": "Retournez la housse à l'endroit en passant par l'ouverture enveloppe au dos. Poussez bien les coins avec un stylo pour les former parfaitement. Repassez tout le tour pour aplatir les coutures. Glissez votre coussin de 50 × 50 cm à l'intérieur. La housse est prête — aucun point à faire à la main !",
      "video_url": null,
      "conseil": "Lavez la housse à froid à l'envers pour préserver les couleurs. Le système enveloppe permet de l'enlever et la remettre en quelques secondes.",
      "materiaux_etape": "Fer à repasser"
    }
  },
  {
    "model": "core.etapepatron",
    "pk": 256,
    "fields": {
      "patron": 60,
      "numero": 1,
      "titre": "Découpe et préparation des pièces",
      "description": "Découpez les pièces suivantes : deux rectangles principaux de 35 × 22 cm (extérieur), deux rectangles de 35 × 22 cm (doublure), deux bandes de soufflet de 8 × 55 cm, et un rectangle de poche filet de 30 × 18 cm dans du tissu maille ou filet. Thermocollez l'interface sur l'envers des pièces extérieures pour leur donner de la tenue. Repassez toutes les pièces.",
      "video_url": null,
      "conseil": "Choisissez une interface semi-rigide (type Pellon 809) pour les pièces extérieures afin que le nécessaire garde sa forme même vide.",
      "materiaux_etape": "Ciseaux, Craie de couture, Règle, Fer à repasser"
    }
  },
  {
    "model": "core.etapepatron",
    "pk": 257,
    "fields": {
      "patron": 60,
      "numero": 2,
      "titre": "Montage de la poche intérieure",
      "description": "Pliez le rectangle de poche en deux (18 × 15 cm une fois plié). Cousez les trois côtés à 1 cm en laissant une ouverture de retournement. Retournez et repassez. Positionnez la poche sur l'endroit d'un panneau de doublure, centrez-la horizontalement à 5 cm du haut, et cousez trois côtés à 2 mm du bord (le bord supérieur reste ouvert). Ajoutez une cloison verticale cousue en faisant un trait du haut vers le bas.",
      "video_url": null,
      "conseil": "La poche intérieure peut être en filet pour voir les objets à l'intérieur, ou en tissu doublure coordonné pour un intérieur plus soigné.",
      "materiaux_etape": "Machine à coudre, Fil, Épingles, Ciseaux, Fer à repasser"
    }
  },
  {
    "model": "core.etapepatron",
    "pk": 258,
    "fields": {
      "patron": 60,
      "numero": 3,
      "titre": "Pose de la fermeture éclair principale",
      "description": "Posez la fermeture éclair entre le panneau extérieur et la doublure correspondante en sandwich (tissu extérieur endroit vers le haut, zip face vers le bas, doublure endroit vers le bas). Cousez à 0,7 cm avec le pied zipper. Repassez le tissu away du zip, surpiquez. Répétez de l'autre côté. Ouvrez le zip à mi-course avant de continuer.",
      "video_url": "https://www.youtube.com/watch?v=_mFd8FHIZM4",
      "conseil": "Choisissez un zip de longueur = largeur du panneau + 4 cm. Il dépassera légèrement sur les côtés — c'est normal et se cachera dans les soufflets.",
      "materiaux_etape": "Machine à coudre, Pied zipper, Fil, Épingles, Fer à repasser"
    }
  },
  {
    "model": "core.etapepatron",
    "pk": 259,
    "fields": {
      "patron": 60,
      "numero": 4,
      "titre": "Assemblage avec soufflets",
      "description": "Cousez les deux bandes de soufflet en un seul anneau (les deux courts côtés ensemble). Épinglez l'anneau de soufflet sur le pourtour de l'ensemble extérieur/doublure, en alignant les coutures du soufflet avec les coins du sac. Cousez tout le tour à 1 cm. Crantez les courbes et les angles tous les 1 cm pour que le soufflet s'aplat bien. Retournez par l'ouverture du zip.",
      "video_url": null,
      "conseil": "Faites des crans (petites entailles à 3 mm de la couture) dans les angles arrondis pour permettre au soufflet de se courber sans faire de plis.",
      "materiaux_etape": "Machine à coudre, Fil, Épingles, Ciseaux"
    }
  },
  {
    "model": "core.etapepatron",
    "pk": 260,
    "fields": {
      "patron": 60,
      "numero": 5,
      "titre": "Finitions et poignée",
      "description": "Découpez une bande de 4 × 16 cm pour la poignée. Pliez-la en quatre dans le sens de la longueur, surpiquez les deux bords. Passez-la dans un anneau et cousez les deux extrémités ensemble. Fixez l'anneau avec poignée sur le haut du soufflet par une couture en X solide. Inspectez toutes les coutures, coupez les fils, repassez à froid sur l'extérieur.",
      "video_url": null,
      "conseil": "Ajoutez un anneau de porte-clé à l'intérieur pour ne jamais perdre vos clés au fond du sac de voyage !",
      "materiaux_etape": "Machine à coudre, Fil, Épingles, Ciseaux, Fer à repasser"
    }
  },
  {
    "model": "core.etapepatron",
    "pk": 261,
    "fields": {
      "patron": 61,
      "numero": 1,
      "titre": "Découpe des pièces (bandeau et sachet)",
      "description": "Pour le bandeau : découpez une bande de 18 × 48 cm et une bande élastique de 12 cm. Pour le sachet : découpez deux rectangles de 12 × 15 cm. Ces formats sont pour adulte — réduisez de 20 % pour un bandeau enfant. Choisissez des tissus souples et confortables pour le bandeau (jersey, velours côtelé, flanelle) et n'importe quel tissu pour le sachet.",
      "video_url": null,
      "conseil": "Le sens du tissu compte pour le bandeau : la direction extensible doit être dans le sens de la longueur du bandeau pour qu'il s'adapte à la tête.",
      "materiaux_etape": "Ciseaux, Craie de couture, Règle"
    }
  },
  {
    "model": "core.etapepatron",
    "pk": 262,
    "fields": {
      "patron": 61,
      "numero": 2,
      "titre": "Confection du bandeau cheveux",
      "description": "Pliez la bande en deux dans le sens de la longueur, endroit contre endroit. Cousez le long côté à 1 cm. Retournez à l'endroit. Glissez l'élastique à l'intérieur avec une épingle de sûreté. Épinglez les deux extrémités du tube tissu ensemble (élastique à l'intérieur). Cousez les extrémités à 1 cm en prenant l'élastique dans la couture. Tournez la jointure vers l'intérieur du bandeau et cousez-la discrètement.",
      "video_url": null,
      "conseil": "Si vous n'avez pas d'élastique, utilisez un lien de tissu plus long pour faire un bandeau à nouer — encore plus personnalisable !",
      "materiaux_etape": "Machine à coudre, Fil, Épingle de sûreté, Ciseaux"
    }
  },
  {
    "model": "core.etapepatron",
    "pk": 263,
    "fields": {
      "patron": 61,
      "numero": 3,
      "titre": "Confection du sachet senteur",
      "description": "Placez les deux rectangles endroit contre endroit et cousez trois côtés à 1 cm, en laissant le côté court du haut ouvert. Crantez les coins, retournez à l'endroit. Remplissez de fleurs de lavande séchées, de pot-pourri ou d'écorces de cèdre. Repliez le bord supérieur de 1 cm vers l'intérieur et cousez à la main au point glissé, ou nouez avec un joli ruban.",
      "video_url": null,
      "conseil": "Ajoutez quelques gouttes d'huile essentielle de lavande sur les fleurs avant de fermer pour une senteur plus intense et durable.",
      "materiaux_etape": "Aiguille, Fil, Ciseaux"
    }
  }
]